"POWERSLIDER1","10594","POWERSLIDER1"
"POWERSLIDER2","10594","POWERSLIDER2"
"PLUGIN_CMD_465001400","10594","PLUGIN_CMD_465001400"
"PLUGIN_CMD_465001401","10594","PLUGIN_CMD_465001401"
"PLUGIN_CMD_465001402","10594","PLUGIN_CMD_465001402"
"PLUGIN_CMD_465001403","10594","PLUGIN_CMD_465001403"
"PLUGIN_CMD_465001404","10594","PLUGIN_CMD_465001404"
"PLUGIN_CMD_465001405","10594","PLUGIN_CMD_465001405"
"PLUGIN_CMD_465001406","10594","PLUGIN_CMD_465001406"
"PLUGIN_Cmd_1018516","10594","PLUGIN_Cmd_1018516"
"PLUGIN_Cmd_1018517","10594","PLUGIN_Cmd_1018517"
"PLUGIN_Cmd_1018518","10594","PLUGIN_Cmd_1018518"
"PLUGIN_Cmd_1020032","10594","PLUGIN_Cmd_1020032"
"PLUGIN_Cmd_1018519","10594","PLUGIN_Cmd_1018519"
"PLUGIN_Cmd_1018523","10594","PLUGIN_Cmd_1018523"
"PLUGIN_Cmd_1018530","10594","PLUGIN_Cmd_1018530"
"PLUGIN_Cmd_1020041","10594","PLUGIN_Cmd_1020041"
"PLUGIN_Cmd_1020042","10594","PLUGIN_Cmd_1020042"
"PLUGIN_Cmd_1021362","10594","PLUGIN_Cmd_1021362"
"PLUGIN_Cmd_1020034","10594","PLUGIN_Cmd_1020034"
"PLUGIN_Cmd_1018529","10594","PLUGIN_Cmd_1018529"
"PLUGIN_Cmd_1020035","10594","PLUGIN_Cmd_1020035"
"PLUGIN_Cmd_1018520","10594","PLUGIN_Cmd_1018520"
"PLUGIN_Cmd_1018531","10594","PLUGIN_Cmd_1018531"
"PLUGIN_Cmd_1018532","10594","PLUGIN_Cmd_1018532"
"PLUGIN_Cmd_1018533","10594","PLUGIN_Cmd_1018533"
"PLUGIN_Cmd_1018524","10594","PLUGIN_Cmd_1018524"
"PLUGIN_Cmd_1018525","10594","PLUGIN_Cmd_1018525"
"PLUGIN_Cmd_1018535","10594","PLUGIN_Cmd_1018535"
"PLUGIN_Cmd_1019966","10594","PLUGIN_Cmd_1019966"
"PLUGIN_Cmd_1018538","10594","PLUGIN_Cmd_1018538"
"DIALOG_TIMELINE","10596",""
"PLUGIN_Cmd_12106","10600","PLUGIN_Cmd_12106"
"PLUGIN_Cmd_12107","10600","PLUGIN_Cmd_12107"
"PLUGIN_Cmd_12108","10600","PLUGIN_Cmd_12108"
"PLUGIN_Cmd_12109","10600","PLUGIN_Cmd_12109"
"PLUGIN_Cmd_12112","10601","PLUGIN_Cmd_12112"
"PLUGIN_Cmd_12113","10601","PLUGIN_Cmd_12113"
"PLUGIN_Cmd_16388","10601","PLUGIN_Cmd_16388"
"PLUGIN_Cmd_465001011","10612","PLUGIN_Cmd_465001011"
"PLUGIN_Cmd_465001012","10612","PLUGIN_Cmd_465001012"
"PLUGIN_Cmd_465001013","10612","PLUGIN_Cmd_465001013"
"PLUGIN_CMD_465001315","10612","PLUGIN_CMD_465001315"
"PLUGIN_Cmd_465001014","10612","PLUGIN_Cmd_465001014"
"DIALOG_TIMELINE_SETSELECTION","10612","DIALOG_TIMELINE_SETSELECTION"
"PLUGIN_Cmd_465001201","10612","PLUGIN_Cmd_465001201"
"PLUGIN_Cmd_465001123","10612","PLUGIN_Cmd_465001123"
"PLUGIN_Cmd_465001124","10612","PLUGIN_Cmd_465001124"
"PLUGIN_Cmd_465001125","10612","PLUGIN_Cmd_465001125"
"PLUGIN_Cmd_465001126","10612","PLUGIN_Cmd_465001126"
"PLUGIN_Cmd_465001119","10612","PLUGIN_Cmd_465001119"
"PLUGIN_Cmd_465001120","10612","PLUGIN_Cmd_465001120"
"PLUGIN_CMD_465001306","10612","PLUGIN_CMD_465001306"
"PLUGIN_CMD_465002004","10612","PLUGIN_CMD_465002004"
"PLUGIN_Cmd_465001007","10612","PLUGIN_Cmd_465001007"
"PLUGIN_Cmd_465001004","10612","PLUGIN_Cmd_465001004"
"PLUGIN_Cmd_465001170","10612","PLUGIN_Cmd_465001170"
"PLUGIN_Cmd_465001005","10612","PLUGIN_Cmd_465001005"
"PLUGIN_Cmd_465001089","10612","PLUGIN_Cmd_465001089"
"PLUGIN_Cmd_465001008","10612","PLUGIN_Cmd_465001008"
"PLUGIN_Cmd_465001010","10612","PLUGIN_Cmd_465001010"
"PLUGIN_Cmd_465001009","10612","PLUGIN_Cmd_465001009"
"PLUGIN_Cmd_465001006","10612","PLUGIN_Cmd_465001006"
"PLUGIN_Cmd_465001073","10612","PLUGIN_Cmd_465001073"
"PLUGIN_Cmd_465001075","10612","PLUGIN_Cmd_465001075"
"PLUGIN_Cmd_465001048","10612","PLUGIN_Cmd_465001048"
"DIALOG_TIMELINE_SNAPSETTINGS","10612","DIALOG_TIMELINE_SNAPSETTINGS"
"PLUGIN_Cmd_465001200","10612","PLUGIN_Cmd_465001200"
"PLUGIN_CMD_465001029","10613","PLUGIN_CMD_465001029"
"PLUGIN_CMD_465001031","10613","PLUGIN_CMD_465001031"
"DIALOG_TIMELINE_SETPREVIEW","10613","DIALOG_TIMELINE_SETPREVIEW"
"PLUGIN_CMD_465001207","10613","PLUGIN_CMD_465001207"
"PLUGIN_CMD_465001080","10613","PLUGIN_CMD_465001080"
"PLUGIN_CMD_465001081","10613","PLUGIN_CMD_465001081"
"PLUGIN_CMD_465001076","10613","PLUGIN_CMD_465001076"
"PLUGIN_CMD_465001077","10613","PLUGIN_CMD_465001077"
"PLUGIN_CMD_465001078","10613","PLUGIN_CMD_465001078"
"PLUGIN_CMD_465001038","10613","PLUGIN_CMD_465001038"
"PLUGIN_CMD_465001039","10613","PLUGIN_CMD_465001039"
"PLUGIN_CMD_465001040","10613","PLUGIN_CMD_465001040"
"PLUGIN_CMD_465001059","10613","PLUGIN_CMD_465001059"
"PLUGIN_CMD_465001060","10613","PLUGIN_CMD_465001060"
"PLUGIN_CMD_465001307","10613","PLUGIN_CMD_465001307"
"PLUGIN_CMD_465001308","10613","PLUGIN_CMD_465001308"
"PLUGIN_Cmd_465001035","10613","PLUGIN_Cmd_465001035"
"PLUGIN_CMD_465001034","10613","PLUGIN_CMD_465001034"
"PLUGIN_CMD_465001317","10613","PLUGIN_CMD_465001317"
"PLUGIN_CMD_465001194","10613","PLUGIN_CMD_465001194"
"PLUGIN_CMD_465001196","10613","PLUGIN_CMD_465001196"
"PLUGIN_CMD_465001305","10613","PLUGIN_CMD_465001305"
"PLUGIN_CMD_465001049","10613","PLUGIN_CMD_465001049"
"PLUGIN_CMD_465001050","10613","PLUGIN_CMD_465001050"
"PLUGIN_Cmd_465001166","10613","PLUGIN_Cmd_465001166"
"PLUGIN_Cmd_465001088","10613","PLUGIN_Cmd_465001088"
"PLUGIN_Cmd_465001085","10613","PLUGIN_Cmd_465001085"
"PLUGIN_Cmd_465001086","10613","PLUGIN_Cmd_465001086"
"PLUGIN_Cmd_465001100","10613","PLUGIN_Cmd_465001100"
"PLUGIN_CMD_465001313","10613","PLUGIN_CMD_465001313"
"PLUGIN_CMD_465001100","10613","PLUGIN_CMD_465001100"
"PLUGIN_Cmd_465001083","10613","PLUGIN_Cmd_465001083"
"PLUGIN_CMD_465001054","10613","PLUGIN_CMD_465001054"
"PLUGIN_CMD_465001055","10613","PLUGIN_CMD_465001055"
"PLUGIN_CMD_465001056","10613","PLUGIN_CMD_465001056"
"PLUGIN_CMD_465001036","10613","PLUGIN_CMD_465001036"
"PLUGIN_CMD_465001132","10613","PLUGIN_CMD_465001132"
"PLUGIN_CMD_465001314","10613","PLUGIN_CMD_465001314"
"PLUGIN_CMD_465001052","10613","PLUGIN_CMD_465001052"
"PLUGIN_CMD_465001041","10613","PLUGIN_CMD_465001041"
"PLUGIN_CMD_465001041","10613","PLUGIN_CMD_465001041"
"PLUGIN_CMD_465001045","10613","PLUGIN_CMD_465001045"
"PLUGIN_CMD_465001046","10613","PLUGIN_CMD_465001046"
"PLUGIN_CMD_465001197","10613","PLUGIN_CMD_465001197"
"PLUGIN_CMD_465001197","10613","PLUGIN_CMD_465001197"
"PLUGIN_CMD_465001191","10613","PLUGIN_CMD_465001191"
"PLUGIN_CMD_465001190","10613","PLUGIN_CMD_465001190"
"PLUGIN_CMD_465001193","10613","PLUGIN_CMD_465001193"
"PLUGIN_CMD_465001037","10613","PLUGIN_CMD_465001037"
"PLUGIN_CMD_465001057","10613","PLUGIN_CMD_465001057"
"PLUGIN_CMD_465001058","10613","PLUGIN_CMD_465001058"
"PLUGIN_CMD_12423","10613","PLUGIN_CMD_12423"
"PLUGIN_CMD_465001042","10613","PLUGIN_CMD_465001042"
"PLUGIN_CMD_465001043","10613","PLUGIN_CMD_465001043"
"PLUGIN_CMD_465001044","10613","PLUGIN_CMD_465001044"
"PLUGIN_Cmd_465001025","10614","PLUGIN_Cmd_465001025"
"PLUGIN_Cmd_465001024","10614","PLUGIN_Cmd_465001024"
"PLUGIN_Cmd_465001026","10614","PLUGIN_Cmd_465001026"
"PLUGIN_Cmd_465001027","10614","PLUGIN_Cmd_465001027"
"PLUGIN_Cmd_465001022","10614","PLUGIN_Cmd_465001022"
"PLUGIN_Cmd_465001023","10614","PLUGIN_Cmd_465001023"
"PLUGIN_Cmd_465001127","10614","PLUGIN_Cmd_465001127"
"PLUGIN_Cmd_465001128","10614","PLUGIN_Cmd_465001128"
"PLUGIN_Cmd_465002003","10614","PLUGIN_Cmd_465002003"
"PLUGIN_Cmd_465001017","10614","PLUGIN_Cmd_465001017"
"PLUGIN_Cmd_465001032","10614","PLUGIN_Cmd_465001032"
"PLUGIN_Cmd_465001016","10614","PLUGIN_Cmd_465001016"
"PLUGIN_Cmd_465001018","10614","PLUGIN_Cmd_465001018"
"PLUGIN_Cmd_465001019","10614","PLUGIN_Cmd_465001019"
"PLUGIN_Cmd_465001020","10614","PLUGIN_Cmd_465001020"
"PLUGIN_Cmd_465001028","10614","PLUGIN_Cmd_465001028"
"DIALOG_TIMELINE_FRAME","10614","DIALOG_TIMELINE_FRAME"
"PLUGIN_Cmd_465001202","10614","PLUGIN_Cmd_465001202"
"PLUGIN_Cmd_465001091","10616","PLUGIN_Cmd_465001091"
"PLUGIN_Cmd_465001094","10616","PLUGIN_Cmd_465001094"
"PLUGIN_Cmd_465001095","10616","PLUGIN_Cmd_465001095"
"PLUGIN_Cmd_465001096","10616","PLUGIN_Cmd_465001096"
"PLUGIN_Cmd_465001101","10616","PLUGIN_Cmd_465001101"
"PLUGIN_Cmd_465001130","10616","PLUGIN_Cmd_465001130"
"PLUGIN_Cmd_465001104","10616","PLUGIN_Cmd_465001104"
"PLUGIN_Cmd_465001105","10616","PLUGIN_Cmd_465001105"
"PLUGIN_Cmd_465001102","10616","PLUGIN_Cmd_465001102"
"PLUGIN_CMD_465001309","10616","PLUGIN_CMD_465001309"
"PLUGIN_Cmd_465001103","10616","PLUGIN_Cmd_465001103"
"PLUGIN_CMD_465001320","10616","PLUGIN_CMD_465001320"
"PLUGIN_Cmd_465001106","10616","PLUGIN_Cmd_465001106"
"PLUGIN_Cmd_465001107","10616","PLUGIN_Cmd_465001107"
"PLUGIN_Cmd_465001302","10616","PLUGIN_Cmd_465001302"
"PLUGIN_Cmd_465001303","10616","PLUGIN_Cmd_465001303"
"PLUGIN_Cmd_465001108","10616","PLUGIN_Cmd_465001108"
"PLUGIN_Cmd_465001109","10616","PLUGIN_Cmd_465001109"
"PLUGIN_Cmd_465001110","10616","PLUGIN_Cmd_465001110"
"PLUGIN_Cmd_465001147","10616","PLUGIN_Cmd_465001147"
"PLUGIN_Cmd_465001092","10616","PLUGIN_Cmd_465001092"
"PLUGIN_Cmd_465001093","10616","PLUGIN_Cmd_465001093"
"PLUGIN_Cmd_465001003","10616","PLUGIN_Cmd_465001003"
"PLUGIN_Cmd_465001097","10616","PLUGIN_Cmd_465001097"
"PLUGIN_Cmd_465001098","10616","PLUGIN_Cmd_465001098"
"PLUGIN_CMD_465001066","10616","PLUGIN_CMD_465001066"
"PLUGIN_Cmd_465001071","10616","PLUGIN_Cmd_465001071"
"PLUGIN_Cmd_465001304","10616","PLUGIN_Cmd_465001304"
"PLUGIN_CMD_465001310","10616","PLUGIN_CMD_465001310"
"PLUGIN_CMD_465001311","10616","PLUGIN_CMD_465001311"
"PLUGIN_CMD_465001312","10616","PLUGIN_CMD_465001312"
"PLUGIN_Cmd_465001211","10616","PLUGIN_Cmd_465001211"
"PLUGIN_Cmd_465001116","10617","PLUGIN_Cmd_465001116"
"PLUGIN_Cmd_465001134","10617","PLUGIN_Cmd_465001134"
"PLUGIN_Cmd_465001135","10617","PLUGIN_Cmd_465001135"
"PLUGIN_Cmd_465001136","10617","PLUGIN_Cmd_465001136"
"PLUGIN_Cmd_465001137","10617","PLUGIN_Cmd_465001137"
"PLUGIN_Cmd_465001117","10617","PLUGIN_Cmd_465001117"
"PLUGIN_Cmd_465001138","10617","PLUGIN_Cmd_465001138"
"PLUGIN_Cmd_465001139","10617","PLUGIN_Cmd_465001139"
"PLUGIN_Cmd_465001140","10617","PLUGIN_Cmd_465001140"
"PLUGIN_Cmd_465001141","10617","PLUGIN_Cmd_465001141"
"PLUGIN_Cmd_465001118","10617","PLUGIN_Cmd_465001118"
"PLUGIN_Cmd_465001142","10617","PLUGIN_Cmd_465001142"
"PLUGIN_Cmd_465001143","10617","PLUGIN_Cmd_465001143"
"PLUGIN_Cmd_465001144","10617","PLUGIN_Cmd_465001144"
"PLUGIN_Cmd_465001145","10617","PLUGIN_Cmd_465001145"
"PLUGIN_Cmd_465001160","10617","PLUGIN_Cmd_465001160"
"PLUGIN_Cmd_465001161","10617","PLUGIN_Cmd_465001161"
"PLUGIN_Cmd_465001215","10617","PLUGIN_Cmd_465001215"
"PLUGIN_Cmd_465001087","10617","PLUGIN_Cmd_465001087"
"PLUGIN_Cmd_465001166","10617","PLUGIN_Cmd_465001166"
"PLUGIN_Cmd_465001083","10617","PLUGIN_Cmd_465001083"
"PLUGIN_Cmd_465001084","10617","PLUGIN_Cmd_465001084"
"PLUGIN_Cmd_465001162","10617","PLUGIN_Cmd_465001162"
"PLUGIN_Cmd_465001163","10617","PLUGIN_Cmd_465001163"
"PLUGIN_Cmd_465001164","10617","PLUGIN_Cmd_465001164"
"PLUGIN_Cmd_465001082","10617","PLUGIN_Cmd_465001082"
"PLUGIN_Cmd_465001122","10618","PLUGIN_Cmd_465001122"
"PLUGIN_Cmd_100004791","10618","PLUGIN_Cmd_100004791"
"PLUGIN_Cmd_465001121","10618","PLUGIN_Cmd_465001121"
"PLUGIN_Cmd_465002002","10618","PLUGIN_Cmd_465002002"
"PLUGIN_Cmd_465001062","10621",""
"PLUGIN_Cmd_465001063","10622",""
"PLUGIN_Cmd_465001068","10624",""
"PLUGIN_Cmd_465001069","10624",""
"PLUGIN_Cmd_465001214","10626",""
"DIALOG_KEYREDUCER","10626",""
"PLUGIN_Cmd_465001002","10627",""
"PLUGIN_Cmd_465001204","10628",""
"PLUGIN_Cmd_465001112","10630","PLUGIN_Cmd_465001112"
"PLUGIN_Cmd_465001113","10630","PLUGIN_Cmd_465001113"
"PLUGIN_Cmd_465001114","10630","PLUGIN_Cmd_465001114"
"PLUGIN_Cmd_465001210","10630","PLUGIN_Cmd_465001210"
"PLUGIN_Cmd_465001209","10631",""
"PLUGIN_Cmd_12417","10638","PLUGIN_Cmd_12417"
"PLUGIN_Cmd_12418","10638","PLUGIN_Cmd_12418"
"PLUGIN_Cmd_12419","10638","PLUGIN_Cmd_12419"
"PLUGIN_Cmd_12421","10638","PLUGIN_Cmd_12421"
"PLUGIN_Cmd_12422","10638","PLUGIN_Cmd_12422"
"PLUGIN_Cmd_16546","10638","PLUGIN_Cmd_16546"
"PLUGIN_Cmd_12410","10639",""
"PLUGIN_Cmd_12425","10640",""
"PLUGIN_Cmd_66000","10641",""
"PLUGIN_Cmd_12426","10642","PLUGIN_Cmd_12426"
"PLUGIN_Cmd_12427","10642","PLUGIN_Cmd_12427"
"PLUGIN_Cmd_12428","10642","PLUGIN_Cmd_12428"
"PLUGIN_Cmd_12423","10642","PLUGIN_Cmd_12423"
"PLUGIN_Cmd_12424","10643","PLUGIN_Cmd_12424"
"PLUGIN_Cmd_12441","10643","PLUGIN_Cmd_12441"
"PLUGIN_Cmd_12429","10643","PLUGIN_Cmd_12429"
"PLUGIN_Cmd_12431","10643","PLUGIN_Cmd_12431"
"PLUGIN_Cmd_12432","10643","PLUGIN_Cmd_12432"
"PLUGIN_Cmd_12433","10643","PLUGIN_Cmd_12433"
"PLUGIN_Cmd_12434","10643","PLUGIN_Cmd_12434"
"PLUGIN_Cmd_12435","10643","PLUGIN_Cmd_12435"
"PLUGIN_Cmd_12436","10643","PLUGIN_Cmd_12436"
"PLUGIN_Cmd_12437","10643","PLUGIN_Cmd_12437"
"PLUGIN_Cmd_12443","10643","PLUGIN_Cmd_12443"
"PLUGIN_Cmd_12438","10643","PLUGIN_Cmd_12438"
"PLUGIN_Cmd_12439","10643","PLUGIN_Cmd_12439"
"PLUGIN_Cmd_12440","10643","PLUGIN_Cmd_12440"
"PLUGIN_Cmd_12430","10643","PLUGIN_Cmd_12430"
"PLUGIN_Cmd_12412","10645",""
"PLUGIN_Cmd_12411","10645",""
"PLUGIN_Cmd_12002","10645",""
"PLUGIN_Cmd_16391","10646",""
"PLUGIN_Cmd_12501","10647",""
"PLUGIN_Cmd_12502","10647",""
"PLUGIN_Cmd_12458","10648",""
"PLUGIN_Cmd_12414","10649",""
"PLUGIN_Cmd_12413","10649",""
"PLUGIN_Cmd_12416","10650",""
"PLUGIN_Cmd_12415","10650",""
"PLUGIN_Cmd_465002000","10827","PLUGIN_Cmd_465002000"
"PLUGIN_Cmd_465001212","10829",""
"DIALOG_TIMELINE_SOUND2D","10829",""
"PLUGIN_Cmd_465001213","10830",""
"DIALOG_TIMELINE_SOUND3D","10830",""
"PLUGIN_Cmd_465001203","11054",""
"PLUGIN_Cmd_465001001","11055",""
"PLUGIN_Cmd_100004788","11057","PLUGIN_Cmd_100004788"
"PLUGIN_Cmd_100004723","11060","PLUGIN_Cmd_100004723"
"DIALOG_BOOKMARKMANAGER","11060","DIALOG_BOOKMARKMANAGER"
"PLUGIN_Cmd_100004724","11060","PLUGIN_Cmd_100004724"
"PLUGIN_Cmd_100004725","11060","PLUGIN_Cmd_100004725"
"PLUGIN_Cmd_100004807","11060","PLUGIN_Cmd_100004807"
"PLUGIN_Cmd_100004706","11061",""
"PLUGIN_Cmd_100004707","11061",""
"PLUGIN_Cmd_100004708","11061",""
"PLUGIN_Cmd_100004748","11062","PLUGIN_Cmd_100004748"
"PLUGIN_Cmd_100004749","11062","PLUGIN_Cmd_100004749"
"PLUGIN_Cmd_100004802","11062","PLUGIN_Cmd_100004802"
"PLUGIN_Cmd_100004803","11062","PLUGIN_Cmd_100004803"
"PLUGIN_Cmd_100004720","11063",""
"PLUGIN_Cmd_100004721","11064",""
"PLUGIN_Cmd_100004722","11065",""
"PLUGIN_Cmd_100004769","11066",""
"PLUGIN_Cmd_100004762","11067",""
"PLUGIN_Cmd_100004719","11068",""
"PLUGIN_Cmd_100004746","11069",""
"PLUGIN_Cmd_100004745","11070",""
"PLUGIN_Cmd_100004753","11070",""
"PLUGIN_Cmd_100004810","11071",""
"PLUGIN_Cmd_100004750","11072",""
"PLUGIN_Cmd_100004704","11074",""
"DIALOG_LAYERMANAGER","11074","DIALOG_LAYERMANAGER"
"PLUGIN_Cmd_100004738","11077","PLUGIN_Cmd_100004738"
"PLUGIN_Cmd_100004801","11077","PLUGIN_Cmd_100004801"
"PLUGIN_Cmd_100004742","11077","PLUGIN_Cmd_100004742"
"PLUGIN_Cmd_100004743","11077","PLUGIN_Cmd_100004743"
"PLUGIN_Cmd_100004735","11078","PLUGIN_Cmd_100004735"
"PLUGIN_Cmd_100004760","11078","PLUGIN_Cmd_100004760"
"PLUGIN_Cmd_100004739","11078","PLUGIN_Cmd_100004739"
"PLUGIN_Cmd_100004797","11078","PLUGIN_Cmd_100004797"
"PLUGIN_Cmd_100004798","11078","PLUGIN_Cmd_100004798"
"PLUGIN_Cmd_100004799","11078","PLUGIN_Cmd_100004799"
"PLUGIN_Cmd_100004796","11078","PLUGIN_Cmd_100004796"
"PLUGIN_Cmd_100004736","11078","PLUGIN_Cmd_100004736"
"PLUGIN_Cmd_100004737","11078","PLUGIN_Cmd_100004737"
"PLUGIN_Cmd_100004740","11078","PLUGIN_Cmd_100004740"
"PLUGIN_Cmd_100004741","11078","PLUGIN_Cmd_100004741"
"PLUGIN_CMD_431000148","11078","PLUGIN_CMD_431000148"
"PLUGIN_CMD_431000154","11078","PLUGIN_CMD_431000154"
"PLUGIN_CMD_431000053","11078","PLUGIN_CMD_431000053"
"PLUGIN_Cmd_100004726","11079","PLUGIN_Cmd_100004726"
"PLUGIN_Cmd_100004727","11079","PLUGIN_Cmd_100004727"
"PLUGIN_Cmd_100004728","11079","PLUGIN_Cmd_100004728"
"PLUGIN_Cmd_100004729","11079","PLUGIN_Cmd_100004729"
"PLUGIN_Cmd_100004730","11079","PLUGIN_Cmd_100004730"
"PLUGIN_Cmd_100004731","11079","PLUGIN_Cmd_100004731"
"PLUGIN_Cmd_100004732","11079","PLUGIN_Cmd_100004732"
"PLUGIN_Cmd_100004733","11079","PLUGIN_Cmd_100004733"
"PLUGIN_Cmd_100004734","11079","PLUGIN_Cmd_100004734"
"PLUGIN_CMD_100004840","11079","PLUGIN_CMD_100004840"
"PLUGIN_Cmd_70000","11082",""
"PLUGIN_Cmd_12372","11092",""
"DIALOG_AXISCENTER","11100",""
"PLUGIN_Cmd_1010819","11100",""
"PLUGIN_Cmd_1011982","11100","PLUGIN_Cmd_1011982"
"PLUGIN_Cmd_1011985","11100","PLUGIN_Cmd_1011985"
"PLUGIN_Cmd_1011984","11100","PLUGIN_Cmd_1011984"
"PLUGIN_Cmd_1011983","11100","PLUGIN_Cmd_1011983"
"PLUGIN_Cmd_1011981","11100","PLUGIN_Cmd_1011981"
"PLUGIN_Cmd_1016707","11106",""
"DIALOG_SPACEMOUSE","11106",""
"PLUGIN_Cmd_1019601","11106","PLUGIN_Cmd_1019601"
"PLUGIN_Cmd_1016708","11106","PLUGIN_Cmd_1016708"
"PLUGIN_Cmd_1016709","11106","PLUGIN_Cmd_1016709"
"PLUGIN_Cmd_1016710","11106","PLUGIN_Cmd_1016710"
"PLUGIN_Cmd_16744","11303","PLUGIN_Cmd_16744"
"PLUGIN_Cmd_16745","11303","PLUGIN_Cmd_16745"
"PLUGIN_Cmd_16747","11303","PLUGIN_Cmd_16747"
"PLUGIN_Cmd_16748","11303","PLUGIN_Cmd_16748"
"PLUGIN_Cmd_16749","11303","PLUGIN_Cmd_16749"
"PLUGIN_Cmd_16750","11303","PLUGIN_Cmd_16750"
"PLUGIN_Cmd_16751","11303","PLUGIN_Cmd_16751"
"PLUGIN_Cmd_16753","11303","PLUGIN_Cmd_16753"
"PLUGIN_Cmd_16765","11303","PLUGIN_Cmd_16765"
"PLUGIN_CMD_16766","11303","PLUGIN_CMD_16766"
"PLUGIN_Cmd_16726","11303","PLUGIN_Cmd_16726"
"PLUGIN_Cmd_16725","11303","PLUGIN_Cmd_16725"
"PLUGIN_Cmd_17258","11303","PLUGIN_Cmd_17258"
"PLUGIN_Cmd_17259","11303","PLUGIN_Cmd_17259"
"PLUGIN_Cmd_1019773","11344",""
"DIALOG_VERTEXMAPMANAGER","11344",""
"DIALOG_ONLINEHELP","11347",""
"PLUGIN_Cmd_1021417","11347","PLUGIN_Cmd_1021417"
"PLUGIN_Cmd_1021418","11347","PLUGIN_Cmd_1021418"
"PLUGIN_Cmd_1019950","11486","PLUGIN_Cmd_1019950"
"PLUGIN_Cmd_1019949","11486","PLUGIN_Cmd_1019949"
"PLUGIN_Cmd_1019941","11486","PLUGIN_Cmd_1019941"
"PLUGIN_Cmd_1019942","11486","PLUGIN_Cmd_1019942"
"PLUGIN_Cmd_1019943","11486","PLUGIN_Cmd_1019943"
"PLUGIN_Cmd_1022912","11486","PLUGIN_Cmd_1022912"
"PLUGIN_Cmd_1019884","11493","PLUGIN_Cmd_1019884"
"PLUGIN_Cmd_1019883","11493","PLUGIN_Cmd_1019883"
"PLUGIN_Cmd_1019946","11493","PLUGIN_Cmd_1019946"
"PLUGIN_Cmd_1019948","11493","PLUGIN_Cmd_1019948"
"PLUGIN_Cmd_1019947","11493","PLUGIN_Cmd_1019947"
"PLUGIN_Cmd_1019940","11493","PLUGIN_Cmd_1019940"
"PLUGIN_Cmd_1019939","11493","PLUGIN_Cmd_1019939"
"PLUGIN_Cmd_1019938","11493","PLUGIN_Cmd_1019938"
"PLUGIN_Cmd_1019937","11493","PLUGIN_Cmd_1019937"
"PLUGIN_Cmd_1019954","11493","PLUGIN_Cmd_1019954"
"PLUGIN_Cmd_1021285","11493","PLUGIN_Cmd_1021285"
"PLUGIN_Cmd_1025623","11493","PLUGIN_Cmd_1025623"
"PLUGIN_Cmd_1025699","11493","PLUGIN_Cmd_1025699"
"PLUGIN_Cmd_1025539","11493","PLUGIN_Cmd_1025539"
"PLUGIN_Cmd_1025540","11493","PLUGIN_Cmd_1025540"
"DIALOG_TEXTUREVIEW","11559",""
"PLUGIN_Cmd_170025","11560","PLUGIN_Cmd_170025"
"PLUGIN_Cmd_170026","11560","PLUGIN_Cmd_170026"
"PLUGIN_Cmd_170027","11560","PLUGIN_Cmd_170027"
"PLUGIN_Cmd_170028","11560","PLUGIN_Cmd_170028"
"PLUGIN_Cmd_170029","11560","PLUGIN_Cmd_170029"
"PLUGIN_Cmd_170730","11560","PLUGIN_Cmd_170730"
"PLUGIN_Cmd_170009","11561","PLUGIN_Cmd_170009"
"PLUGIN_Cmd_170573","11562","PLUGIN_Cmd_170573"
"PLUGIN_Cmd_12679","11562","PLUGIN_Cmd_12679"
"DIALOG_BP_SETUPWIZARD","11569",""
"PLUGIN_Cmd_170624","11570","PLUGIN_Cmd_170624"
"DIALOG_BP_PRESETWINDOW","11580",""
"PLUGIN_Cmd_170074","11580","PLUGIN_Cmd_170074"
"PLUGIN_Cmd_170697","11580","PLUGIN_Cmd_170697"
"PLUGIN_Cmd_170076","11580","PLUGIN_Cmd_170076"
"PLUGIN_Cmd_170694","11580","PLUGIN_Cmd_170694"
"PLUGIN_Cmd_170066","11580","PLUGIN_Cmd_170066"
"PLUGIN_Cmd_170070","11580","PLUGIN_Cmd_170070"
"PLUGIN_Cmd_170695","11580","PLUGIN_Cmd_170695"
"PLUGIN_Cmd_170696","11580","PLUGIN_Cmd_170696"
"PLUGIN_Cmd_170071","11580","PLUGIN_Cmd_170071"
"PLUGIN_Cmd_170077","11580","PLUGIN_Cmd_170077"
"PLUGIN_Cmd_170079","11580","PLUGIN_Cmd_170079"
"PLUGIN_Cmd_170080","11580","PLUGIN_Cmd_170080"
"PLUGIN_Cmd_170081","11580","PLUGIN_Cmd_170081"
"PLUGIN_Cmd_170000","11581","PLUGIN_Cmd_170000"
"PLUGIN_Cmd_170145","11582",""
"PLUGIN_Cmd_170146","11583",""
"PLUGIN_Cmd_170567","11584",""
"PLUGIN_Cmd_170147","11585",""
"PLUGIN_Cmd_170148","11586",""
"PLUGIN_Cmd_170149","11586",""
"PLUGIN_Cmd_170060","11587",""
"PLUGIN_Cmd_170061","11588",""
"PLUGIN_Cmd_170657","11589",""
"PLUGIN_Cmd_170658","11589",""
"PLUGIN_Cmd_170659","11589",""
"PLUGIN_Cmd_170657","11589","PLUGIN_Cmd_170657"
"PLUGIN_Cmd_170658","11589","PLUGIN_Cmd_170658"
"PLUGIN_Cmd_170659","11589","PLUGIN_Cmd_170659"
"PLUGIN_Cmd_170050","11591",""
"PLUGIN_Cmd_170664","11592",""
"PLUGIN_Cmd_170052","11593",""
"PLUGIN_Cmd_170053","11594",""
"PLUGIN_Cmd_170056","11595","PLUGIN_Cmd_170056"
"PLUGIN_Cmd_170057","11596",""
"PLUGIN_Cmd_170055","11597",""
"PLUGIN_Cmd_170054","11598",""
"PLUGIN_Cmd_170051","11599",""
"PLUGIN_Cmd_170231","11600",""
"PLUGIN_Cmd_170232","11601",""
"PLUGIN_Cmd_170151","11602",""
"PLUGIN_Cmd_170152","11603",""
"PLUGIN_Cmd_170059","11604",""
"PLUGIN_Cmd_170128","11605",""
"PLUGIN_Cmd_170129","11606",""
"PLUGIN_Cmd_170130","11607",""
"PLUGIN_Cmd_170122","11608",""
"PLUGIN_Cmd_170123","11608",""
"PLUGIN_Cmd_170124","11608",""
"PLUGIN_Cmd_170125","11608",""
"PLUGIN_Cmd_170126","11609","PLUGIN_Cmd_170126"
"PLUGIN_Cmd_170127","11609","PLUGIN_Cmd_170127"
"PLUGIN_Cmd_170437","11610","PLUGIN_Cmd_170437"
"PLUGIN_Cmd_170438","11611",""
"PLUGIN_Cmd_170439","11612",""
"PLUGIN_Cmd_170058","11613","PLUGIN_Cmd_170058"
"PLUGIN_Cmd_170238","11614","PLUGIN_Cmd_170238"
"PLUGIN_Cmd_170239","11615","PLUGIN_Cmd_170239"
"PLUGIN_Cmd_170153","11616","PLUGIN_Cmd_170153"
"PLUGIN_Cmd_170620","11617","PLUGIN_Cmd_170620"
"PLUGIN_Cmd_170220","11618","PLUGIN_Cmd_170220"
"PLUGIN_Cmd_1011168","11656",""
"PLUGIN_Cmd_1019830","11661","PLUGIN_Cmd_1019830"
"PLUGIN_Cmd_1019827","11661","PLUGIN_Cmd_1019827"
"PLUGIN_Cmd_1021103","11661","PLUGIN_Cmd_1021103"
"PLUGIN_Cmd_1021131","11661","PLUGIN_Cmd_1021131"
"PLUGIN_Cmd_170222","11662",""
"PLUGIN_Cmd_170223","11663",""
"PLUGIN_Cmd_170221","11664",""
"PLUGIN_Cmd_1011172","11665",""
"PLUGIN_Cmd_1011160","11666",""
"PLUGIN_Cmd_1011170","11667",""
"PLUGIN_Cmd_170229","11668",""
"PLUGIN_Cmd_1011167","11669",""
"PLUGIN_Cmd_1011161","11670",""
"PLUGIN_Cmd_1011162","11670",""
"PLUGIN_Cmd_170228","11671",""
"PLUGIN_Cmd_1011166","11672",""
"PLUGIN_Cmd_1011165","11672",""
"PLUGIN_Cmd_1011164","11673",""
"PLUGIN_Cmd_1011163","11674",""
"PLUGIN_Cmd_1011169","11675",""
"PLUGIN_Cmd_170022","11676",""
"PLUGIN_Cmd_170023","11676",""
"PLUGIN_Cmd_1011171","11677",""
"PLUGIN_Cmd_170225","11678",""
"PLUGIN_Cmd_170224","11679",""
"PLUGIN_CMD_170686","11680","PLUGIN_CMD_170686"
"PLUGIN_Cmd_170667","11681",""
"PLUGIN_Cmd_170615","11682",""
"PLUGIN_Cmd_170576","11683",""
"PLUGIN_Cmd_170613","11684",""
"PLUGIN_Cmd_170614","11685",""
"PLUGIN_Cmd_150013","11687",""
"PLUGIN_Cmd_170131","11688",""
"PLUGIN_Cmd_170132","11689",""
"PLUGIN_Cmd_170133","11690",""
"PLUGIN_Cmd_170134","11691",""
"PLUGIN_Cmd_170135","11692",""
"PLUGIN_Cmd_170136","11693",""
"PLUGIN_Cmd_170649","11694",""
"PLUGIN_Cmd_170647","11695",""
"PLUGIN_Cmd_170648","11696",""
"PLUGIN_Cmd_170650","11697",""
"PLUGIN_Cmd_170137","11698",""
"PLUGIN_Cmd_170592","11699",""
"PLUGIN_Cmd_170138","11700",""
"PLUGIN_Cmd_170139","11701",""
"PLUGIN_Cmd_170140","11702",""
"PLUGIN_Cmd_170141","11703",""
"PLUGIN_Cmd_170639","11704","PLUGIN_Cmd_170639"
"PLUGIN_Cmd_170640","11704","PLUGIN_Cmd_170640"
"PLUGIN_Cmd_170641","11704","PLUGIN_Cmd_170641"
"PLUGIN_Cmd_170642","11704","PLUGIN_Cmd_170642"
"PLUGIN_Cmd_170643","11704","PLUGIN_Cmd_170643"
"PLUGIN_Cmd_170644","11704","PLUGIN_Cmd_170644"
"PLUGIN_Cmd_170645","11704","PLUGIN_Cmd_170645"
"PLUGIN_Cmd_170646","11704","PLUGIN_Cmd_170646"
"PLUGIN_Cmd_17038","11705",""
"PLUGIN_Cmd_17039","11706",""
"PLUGIN_Cmd_17041","11712","PLUGIN_Cmd_17041"
"PLUGIN_Cmd_17042","11714",""
"PLUGIN_Cmd_17043","11714",""
"PLUGIN_Cmd_17040","11715",""
"PLUGIN_Cmd_1001058","11801","PLUGIN_Cmd_1001058"
"PLUGIN_Cmd_1001059","11801","PLUGIN_Cmd_1001059"
"PLUGIN_Cmd_465001133","15460",""
"PLUGIN_Cmd_465001208","15461",""
"PLUGIN_Cmd_465001205","15462",""
"PLUGIN_Cmd_465001148","15466","PLUGIN_Cmd_465001148"
"PLUGIN_Cmd_465001149","15466","PLUGIN_Cmd_465001149"
"PLUGIN_Cmd_465001150","15466","PLUGIN_Cmd_465001150"
"PLUGIN_Cmd_465001151","15466","PLUGIN_Cmd_465001151"
"PLUGIN_Cmd_465001152","15466","PLUGIN_Cmd_465001152"
"PLUGIN_Cmd_465001153","15466","PLUGIN_Cmd_465001153"
"PLUGIN_Cmd_465001154","15466","PLUGIN_Cmd_465001154"
"PLUGIN_Cmd_465001155","15466","PLUGIN_Cmd_465001155"
"PLUGIN_Cmd_465001156","15466","PLUGIN_Cmd_465001156"
"PLUGIN_Cmd_465001157","15466","PLUGIN_Cmd_465001157"
"PLUGIN_Cmd_465001158","15466","PLUGIN_Cmd_465001158"
"PLUGIN_Cmd_465001159","15466","PLUGIN_Cmd_465001159"
"PLUGIN_Cmd_440000042","15943",""
"PLUGIN_Cmd_440000043","15945",""
"PLUGIN_Cmd_440000044","15947",""
"PLUGIN_Cmd_170724","32144",""
"PLUGIN_Cmd_170725","32145",""
"PLUGIN_Cmd_170726","32146",""
"PLUGIN_Cmd_170723","32150",""
"PLUGIN_Cmd_465001300","32176",""
"PLUGIN_Cmd_465001301","32176",""
"PLUGIN_Cmd_465001216","32178","PLUGIN_Cmd_465001216"
"PLUGIN_Cmd_465001219","32180",""
"PLUGIN_Cmd_170703","32182",""
"PLUGIN_Cmd_1022215","32186","PLUGIN_Cmd_1022215"
"PLUGIN_Cmd_1022281","32186","PLUGIN_Cmd_1022281"
"PLUGIN_Cmd_1022280","32186","PLUGIN_Cmd_1022280"
"PLUGIN_Cmd_1022285","32186","PLUGIN_Cmd_1022285"
"PLUGIN_Cmd_1022384","32186","PLUGIN_Cmd_1022384"
"DIALOG_PROJECTIONMAN","32201",""
"PLUGIN_Cmd_200000045","32201",""
"PLUGIN_Cmd_1023414","32204","PLUGIN_Cmd_1023414"
"PLUGIN_Cmd_1023415","32204","PLUGIN_Cmd_1023415"
"PLUGIN_Cmd_1023416","32204","PLUGIN_Cmd_1023416"
"PLUGIN_Cmd_1023417","32204","PLUGIN_Cmd_1023417"
"PLUGIN_Cmd_1023418","32204","PLUGIN_Cmd_1023418"
"PLUGIN_Cmd_1023419","32204","PLUGIN_Cmd_1023419"
"PLUGIN_Cmd_1023420","32204","PLUGIN_Cmd_1023420"
"PLUGIN_Cmd_1023421","32204","PLUGIN_Cmd_1023421"
"PLUGIN_Cmd_1022478","32204","PLUGIN_Cmd_1022478"
"PLUGIN_Cmd_1023413","32204","PLUGIN_Cmd_1023413"
"PLUGIN_Cmd_1023410","32204","PLUGIN_Cmd_1023410"
"PLUGIN_Cmd_1023411","32204","PLUGIN_Cmd_1023411"
"PLUGIN_Cmd_1022476","32204","PLUGIN_Cmd_1022476"
"PLUGIN_Cmd_1023422","32204","PLUGIN_Cmd_1023422"
"PLUGIN_Cmd_1019501","32322","PLUGIN_Cmd_1019501"
"PLUGIN_Cmd_1019504","32322","PLUGIN_Cmd_1019504"
"PLUGIN_Cmd_1019502","32322","PLUGIN_Cmd_1019502"
"PLUGIN_Cmd_1020136","32322","PLUGIN_Cmd_1020136"
"PLUGIN_Cmd_465001176","33015","PLUGIN_Cmd_465001176"
"PLUGIN_Cmd_465001217","33015","PLUGIN_Cmd_465001217"
"PLUGIN_Cmd_465001172","33015","PLUGIN_Cmd_465001172"
"PLUGIN_Cmd_465001173","33015","PLUGIN_Cmd_465001173"
"PLUGIN_Cmd_465001174","33015","PLUGIN_Cmd_465001174"
"PLUGIN_Cmd_465001188","33015","PLUGIN_Cmd_465001188"
"PLUGIN_Cmd_465001182","33015","PLUGIN_Cmd_465001182"
"PLUGIN_Cmd_465001180","33015","PLUGIN_Cmd_465001180"
"PLUGIN_Cmd_465001181","33015","PLUGIN_Cmd_465001181"
"PLUGIN_Cmd_465001195","33015","PLUGIN_Cmd_465001195"
"PLUGIN_Cmd_465001183","33015","PLUGIN_Cmd_465001183"
"PLUGIN_Cmd_465001184","33015","PLUGIN_Cmd_465001184"
"PLUGIN_Cmd_465001189","33015","PLUGIN_Cmd_465001189"
"PLUGIN_Cmd_465001171","33015","PLUGIN_Cmd_465001171"
"PLUGIN_Cmd_465001198","33015","PLUGIN_Cmd_465001198"
"PLUGIN_Cmd_465001218","33015","PLUGIN_Cmd_465001218"
"PLUGIN_Cmd_465003049","36675","PLUGIN_Cmd_465003049"
"PLUGIN_Cmd_465003066","36675","PLUGIN_Cmd_465003066"
"PLUGIN_Cmd_465003067","36675","PLUGIN_Cmd_465003067"
"PLUGIN_Cmd_465003051","36675","PLUGIN_Cmd_465003051"
"PLUGIN_Cmd_465003050","36675","PLUGIN_Cmd_465003050"
"PLUGIN_Cmd_465003042","36675","PLUGIN_Cmd_465003042"
"PLUGIN_Cmd_465003045","36675","PLUGIN_Cmd_465003045"
"PLUGIN_Cmd_465003046","36675","PLUGIN_Cmd_465003046"
"PLUGIN_Cmd_465003058","36675","PLUGIN_Cmd_465003058"
"PLUGIN_Cmd_465003053","36675","PLUGIN_Cmd_465003053"
"PLUGIN_Cmd_465003039","36675","PLUGIN_Cmd_465003039"
"PLUGIN_Cmd_465003035","36675","PLUGIN_Cmd_465003035"
"PLUGIN_Cmd_465003048","36838","PLUGIN_Cmd_465003048"
"PLUGIN_Cmd_465003068","36838","PLUGIN_Cmd_465003068"
"PLUGIN_Cmd_465003044","36839",""
"PLUGIN_Cmd_465003065","36840",""
"PLUGIN_Cmd_200000215","40446","PLUGIN_Cmd_200000215"
"PLUGIN_Cmd_16768","40756",""
"PLUGIN_Cmd_180000041","42854","PLUGIN_Cmd_180000041"
"PLUGIN_Cmd_180000042","42854","PLUGIN_Cmd_180000042"
"PLUGIN_Cmd_180000043","42854","PLUGIN_Cmd_180000043"
"PLUGIN_Cmd_180000044","42854","PLUGIN_Cmd_180000044"
"PLUGIN_Cmd_1022807","43049","PLUGIN_Cmd_1022807"
"PLUGIN_Cmd_1022735","43049","PLUGIN_Cmd_1022735"
"PLUGIN_ID_SAVE0X0020AS0X0020TEMPLATE","43049","PLUGIN_ID_SAVE0X0020AS0X0020TEMPLATE"
"PLUGIN_Cmd_1023699","43049","PLUGIN_Cmd_1023699"
"PLUGIN_Cmd_1026374","43049","PLUGIN_Cmd_1026374"
"PLUGIN_Cmd_1024490","43049","PLUGIN_Cmd_1024490"
"PLUGIN_Cmd_465003525","43083",""
"PLUGIN_Cmd_465003500","43084",""
"DIALOG_RENDERMANAGER","43084",""
"PLUGIN_Cmd_465003518","43084","PLUGIN_Cmd_465003518"
"PLUGIN_Cmd_465003511","43084","PLUGIN_Cmd_465003511"
"PLUGIN_CMD_431000099","43084","PLUGIN_CMD_431000099"
"PLUGIN_CMD_431000100","43084","PLUGIN_CMD_431000100"
"PLUGIN_CMD_431000097","43084","PLUGIN_CMD_431000097"
"PLUGIN_CMD_431000098","43084","PLUGIN_CMD_431000098"
"PLUGIN_Cmd_465003516","43084","PLUGIN_Cmd_465003516"
"PLUGIN_Cmd_465003526","43084","PLUGIN_Cmd_465003526"
"PLUGIN_Cmd_465003527","43084","PLUGIN_Cmd_465003527"
"PLUGIN_Cmd_465003513","43084","PLUGIN_Cmd_465003513"
"PLUGIN_Cmd_465003515","43084","PLUGIN_Cmd_465003515"
"PLUGIN_Cmd_465003510","43084","PLUGIN_Cmd_465003510"
"PLUGIN_Cmd_465003519","43084","PLUGIN_Cmd_465003519"
"PLUGIN_Cmd_465003512","43084","PLUGIN_Cmd_465003512"
"PLUGIN_Cmd_465003533","43084","PLUGIN_Cmd_465003533"
"PLUGIN_Cmd_465003534","43084","PLUGIN_Cmd_465003534"
"PLUGIN_Cmd_465003520","43084","PLUGIN_Cmd_465003520"
"PLUGIN_Cmd_465003517","43084","PLUGIN_Cmd_465003517"
"PLUGIN_Cmd_465003521","43084","PLUGIN_Cmd_465003521"
"PLUGIN_Cmd_465003528","43084","PLUGIN_Cmd_465003528"
"PLUGIN_Cmd_465003523","43084","PLUGIN_Cmd_465003523"
"PLUGIN_Cmd_465003530","43084","PLUGIN_Cmd_465003530"
"PLUGIN_Cmd_465003531","43084","PLUGIN_Cmd_465003531"
"PLUGIN_Cmd_465003532","43084","PLUGIN_Cmd_465003532"
"PLUGIN_Cmd_170735","43125","PLUGIN_Cmd_170735"
"PLUGIN_Cmd_170734","43125","PLUGIN_Cmd_170734"
"PLUGIN_Cmd_100001609","43663",""
"PLUGIN_Cmd_1023335","43760",""
"PLUGIN_Cmd_1023336","43761",""
"PLUGIN_Cmd_1026593","44461",""
"DIALOG_COFFEECONSOLE","44913","DIALOG_COFFEECONSOLE"
"PLUGIN_Cmd_12305","44913","PLUGIN_Cmd_12305"
"PLUGIN_Cmd_13957","44913","PLUGIN_Cmd_13957"
"PLUGIN_Cmd_1001083","44913","PLUGIN_Cmd_1001083"
"#COMMAND#","44913","#COMMAND#"
"PLUGIN_Cmd_300000116","44918","PLUGIN_Cmd_300000116"
"DIALOG_SCRIPTLOG","44918","DIALOG_SCRIPTLOG"
"PLUGIN_Cmd_13859","45030","PLUGIN_Cmd_13859"
"PLUGIN_Cmd_13860","45030","PLUGIN_Cmd_13860"
"PLUGIN_Cmd_13861","45030","PLUGIN_Cmd_13861"
"PLUGIN_Cmd_13964","45030","PLUGIN_Cmd_13964"
"PLUGIN_Cmd_17863","45030","PLUGIN_Cmd_17863"
"PLUGIN_Cmd_12500","45030","PLUGIN_Cmd_12500"
"PLUGIN_Cmd_17423","45030","PLUGIN_Cmd_17423"
"PLUGIN_Cmd_17424","45030","PLUGIN_Cmd_17424"
"PLUGIN_Cmd_17425","45030","PLUGIN_Cmd_17425"
"PLUGIN_Cmd_17426","45030","PLUGIN_Cmd_17426"
"PLUGIN_Cmd_17551","45030","PLUGIN_Cmd_17551"
"PLUGIN_CMD_18071","45030","PLUGIN_CMD_18071"
"PLUGIN_CMD_18070","45030","PLUGIN_CMD_18070"
"PLUGIN_CMD_18069","45030","PLUGIN_CMD_18069"
"PLUGIN_Cmd_13364","45030","PLUGIN_Cmd_13364"
"PLUGIN_Cmd_1016179","45030","PLUGIN_Cmd_1016179"
"PLUGIN_Cmd_17427","45030","PLUGIN_Cmd_17427"
"PLUGIN_Cmd_440000101","45030","PLUGIN_Cmd_440000101"
"PLUGIN_CMD_440000110","45030","PLUGIN_CMD_440000110"
"PLUGIN_Cmd_12499","45030","PLUGIN_Cmd_12499"
"PLUGIN_Cmd_13365","45030","PLUGIN_Cmd_13365"
"PLUGIN_Cmd_13663","45030","PLUGIN_Cmd_13663"
"DIALOG_QUICKLIGHT","45030","DIALOG_QUICKLIGHT"
"PLUGIN_Cmd_200000031","45030","PLUGIN_Cmd_200000031"
"PLUGIN_Cmd_14011","45126",""
"PLUGIN_Cmd_17891","45175",""
"PLUGIN_Cmd_17892","45178",""
"PLUGIN_Cmd_1019881","45428",""
"PLUGIN_Cmd_1025763","46972","PLUGIN_Cmd_1025763"
"PLUGIN_Cmd_1025773","46972","PLUGIN_Cmd_1025773"
"PLUGIN_Cmd_200000162","46972","PLUGIN_Cmd_200000162"
"PLUGIN_Cmd_200000163","46972","PLUGIN_Cmd_200000163"
"PLUGIN_Cmd_1022250","49474","PLUGIN_Cmd_1022250"
"PLUGIN_Cmd_1022251","49474","PLUGIN_Cmd_1022251"
"PLUGIN_Cmd_1022252","49474","PLUGIN_Cmd_1022252"
"PLUGIN_Cmd_1022253","49474","PLUGIN_Cmd_1022253"
"PLUGIN_Cmd_1022302","49474","PLUGIN_Cmd_1022302"
"PLUGIN_Cmd_1022303","49474","PLUGIN_Cmd_1022303"
"PLUGIN_Cmd_1022304","49474","PLUGIN_Cmd_1022304"
"PLUGIN_Cmd_1022308","49474","PLUGIN_Cmd_1022308"
"PLUGIN_Cmd_1022307","49474","PLUGIN_Cmd_1022307"
"PLUGIN_Cmd_1022309","49474","PLUGIN_Cmd_1022309"
"PLUGIN_Cmd_1022305","49474","PLUGIN_Cmd_1022305"
"DIALOG_SCULPTLAYER","49925",""
"PLUGIN_CMD_1024015","49925",""
"PLUGIN_CMD_1027026","49926","PLUGIN_CMD_1027026"
"PLUGIN_CMD_1027025","49926","PLUGIN_CMD_1027025"
"PLUGIN_CMD_1027028","49926","PLUGIN_CMD_1027028"
"PLUGIN_CMD_1027029","49926","PLUGIN_CMD_1027029"
"PLUGIN_CMD_1028866","49926","PLUGIN_CMD_1028866"
"PLUGIN_CMD_1028867","49926","PLUGIN_CMD_1028867"
"PLUGIN_CMD_1027030","49926","PLUGIN_CMD_1027030"
"PLUGIN_CMD_1027039","49926","PLUGIN_CMD_1027039"
"PLUGIN_CMD_1027041","49926","PLUGIN_CMD_1027041"
"PLUGIN_CMD_1027042","49926","PLUGIN_CMD_1027042"
"PLUGIN_CMD_1027032","49926","PLUGIN_CMD_1027032"
"PLUGIN_CMD_1027033","49926","PLUGIN_CMD_1027033"
"PLUGIN_CMD_1027034","49926","PLUGIN_CMD_1027034"
"PLUGIN_CMD_1024712","49927","PLUGIN_CMD_1024712"
"PLUGIN_CMD_1024713","49927","PLUGIN_CMD_1024713"
"DIALOG_SCULPTEXTRACT","49927","PLUGIN_CMD_1024713"
"PLUGIN_CMD_1026886","49927","PLUGIN_CMD_1026886"
"PLUGIN_CMD_1026879","49927","PLUGIN_CMD_1026879"
"PLUGIN_CMD_1033522","49927","PLUGIN_CMD_1033522"
"PLUGIN_CMD_1024194","49928","PLUGIN_CMD_1024194"
"PLUGIN_CMD_1024196","49928","PLUGIN_CMD_1024196"
"PLUGIN_CMD_1024195","49928","PLUGIN_CMD_1024195"
"PLUGIN_CMD_1027538","49938",""
"DIALOG_SCULPTBAKEOBJECT","49938",""
"PLUGIN_CMD_1027384","50270",""
"DIALOG_COMMANDER","50270",""
"PLUGIN_CMD_431000006","51893","PLUGIN_CMD_431000006"
"PLUGIN_CMD_431000007","51893","PLUGIN_CMD_431000007"
"PLUGIN_CMD_431000008","51893","PLUGIN_CMD_431000008"
"PLUGIN_CMD_431000009","51893","PLUGIN_CMD_431000009"
"PLUGIN_CMD_431000011","51893","PLUGIN_CMD_431000011"
"PLUGIN_CMD_17972","51894",""
"PLUGIN_CMD_1027593","51902","PLUGIN_CMD_1027593"
"PLUGIN_CMD_1027594","51902","PLUGIN_CMD_1027594"
"PLUGIN_CMD_1027595","51902","PLUGIN_CMD_1027595"
"PLUGIN_CMD_431000012","51902","PLUGIN_CMD_431000012"
"PLUGIN_CMD_1027636","51902","PLUGIN_CMD_1027636"
"PLUGIN_CMD_1027822","52098",""
"PLUGIN_CMD_17980","5220","PLUGIN_CMD_17980"
"PLUGIN_Cmd_12541","5223","PLUGIN_Cmd_12541"
"PLUGIN_Cmd_17734","5223","PLUGIN_Cmd_17734"
"PLUGIN_Cmd_13653","5223","PLUGIN_Cmd_13653"
"PLUGIN_Cmd_13654","5223","PLUGIN_Cmd_13654"
"PLUGIN_Cmd_13655","5223","PLUGIN_Cmd_13655"
"PLUGIN_Cmd_13658","5223","PLUGIN_Cmd_13658"
"PLUGIN_Cmd_13659","5223","PLUGIN_Cmd_13659"
"PLUGIN_Cmd_13657","5223","PLUGIN_Cmd_13657"
"PLUGIN_Cmd_13656","5223","PLUGIN_Cmd_13656"
"PLUGIN_Cmd_13644","5223","PLUGIN_Cmd_13644"
"PLUGIN_Cmd_13645","5223","PLUGIN_Cmd_13645"
"PLUGIN_Cmd_13646","5223","PLUGIN_Cmd_13646"
"PLUGIN_Cmd_13647","5223","PLUGIN_Cmd_13647"
"PLUGIN_Cmd_13648","5223","PLUGIN_Cmd_13648"
"PLUGIN_CMD_17979","5223","PLUGIN_CMD_17979"
"PLUGIN_Cmd_13643","5223","PLUGIN_Cmd_13643"
"PLUGIN_Cmd_16554","5223","PLUGIN_Cmd_16554"
"PLUGIN_Cmd_13375","5223","PLUGIN_Cmd_13375"
"PLUGIN_Cmd_13553","5223","PLUGIN_Cmd_13553"
"PLUGIN_Cmd_17934","5223","PLUGIN_Cmd_17934"
"PLUGIN_Cmd_17935","5223","PLUGIN_Cmd_17935"
"PLUGIN_Cmd_17936","5223","PLUGIN_Cmd_17936"
"PLUGIN_Cmd_12676","5223","PLUGIN_Cmd_12676"
"PLUGIN_Cmd_12677","5223","PLUGIN_Cmd_12677"
"PLUGIN_Cmd_14082","5223","PLUGIN_Cmd_14082"
"PLUGIN_Cmd_12671","5223","PLUGIN_Cmd_12671"
"PLUGIN_Cmd_13684","5223","PLUGIN_Cmd_13684"
"PLUGIN_Cmd_13906","5223","PLUGIN_Cmd_13906"
"PLUGIN_Cmd_17580","5223","PLUGIN_Cmd_17580"
"plugin_Cmd_17190","5223","plugin_Cmd_17190"
"PLUGIN_Cmd_13740","5223","PLUGIN_Cmd_13740"
"PLUGIN_Cmd_17301","5223","PLUGIN_Cmd_17301"
"PLUGIN_Cmd_17733","5223","PLUGIN_Cmd_17733"
"PLUGIN_Cmd_17305","5223","PLUGIN_Cmd_17305"
"PLUGIN_Cmd_17124","5223","PLUGIN_Cmd_17124"
"PLUGIN_Cmd_12097","5223","PLUGIN_Cmd_12097"
"PLUGIN_Cmd_300000186","5224",""
"DIALOG_COMMANDMANAGER","5224",""
"DIALOG_TEXTUREMANAGERDIALOG","52276",""
"PLUGIN_CMD_1029486","52276",""
"PLUGIN_CMD_1029813","52276","PLUGIN_CMD_1029813"
"PLUGIN_CMD_1029814","52276","PLUGIN_CMD_1029814"
"PLUGIN_CMD_1029815","52276","PLUGIN_CMD_1029815"
"PLUGIN_CMD_1029817","52276","PLUGIN_CMD_1029817"
"PLUGIN_CMD_1029816","52276","PLUGIN_CMD_1029816"
"PLUGIN_CMD_1029818","52276","PLUGIN_CMD_1029818"
"PLUGIN_CMD_1029819","52276","PLUGIN_CMD_1029819"
"PLUGIN_CMD_1029820","52276","PLUGIN_CMD_1029820"
"PLUGIN_CMD_1029821","52276","PLUGIN_CMD_1029821"
"PLUGIN_CMD_1029822","52276","PLUGIN_CMD_1029822"
"PLUGIN_CMD_1034807","52276","PLUGIN_CMD_1034807"
"PLUGIN_CMD_1029823","52276","PLUGIN_CMD_1029823"
"PLUGIN_CMD_1029824","52276","PLUGIN_CMD_1029824"
"PLUGIN_CMD_1029825","52276","PLUGIN_CMD_1029825"
"PLUGIN_CMD_1029826","52276","PLUGIN_CMD_1029826"
"PLUGIN_CMD_1029827","52276","PLUGIN_CMD_1029827"
"PLUGIN_CMD_1029828","52276","PLUGIN_CMD_1029828"
"PLUGIN_CMD_1029829","52276","PLUGIN_CMD_1029829"
"PLUGIN_CMD_1029830","52276","PLUGIN_CMD_1029830"
"DIALOG_SCULPTRESYM","52419",""
"PLUGIN_CMD_1026225","52419",""
"PLUGIN_CMD_1029358","52419","PLUGIN_CMD_1029358"
"PLUGIN_CMD_1029359","52419","PLUGIN_CMD_1029359"
"PLUGIN_CMD_1029360","52419","PLUGIN_CMD_1029360"
"PLUGIN_CMD_1029340","52419","PLUGIN_CMD_1029340"
"PLUGIN_CMD_1029341","52419","PLUGIN_CMD_1029341"
"PLUGIN_CMD_1029342","52419","PLUGIN_CMD_1029342"
"PLUGIN_CMD_1029343","52419","PLUGIN_CMD_1029343"
"PLUGIN_CMD_1029344","52419","PLUGIN_CMD_1029344"
"PLUGIN_CMD_1029345","52419","PLUGIN_CMD_1029345"
"PLUGIN_CMD_1029346","52419","PLUGIN_CMD_1029346"
"PLUGIN_CMD_1029347","52419","PLUGIN_CMD_1029347"
"PLUGIN_CMD_1029348","52419","PLUGIN_CMD_1029348"
"PLUGIN_CMD_1029349","52419","PLUGIN_CMD_1029349"
"PLUGIN_CMD_1029350","52419","PLUGIN_CMD_1029350"
"PLUGIN_CMD_1029351","52419","PLUGIN_CMD_1029351"
"PLUGIN_CMD_1029352","52419","PLUGIN_CMD_1029352"
"PLUGIN_CMD_1029353","52419","PLUGIN_CMD_1029353"
"PLUGIN_CMD_1029354","52419","PLUGIN_CMD_1029354"
"PLUGIN_CMD_1029355","52419","PLUGIN_CMD_1029355"
"PLUGIN_CMD_1029356","52419","PLUGIN_CMD_1029356"
"PLUGIN_CMD_1029357","52419","PLUGIN_CMD_1029357"
"PLUGIN_CMD_1029358","52419","PLUGIN_CMD_1029358"
"PLUGIN_CMD_1029359","52419","PLUGIN_CMD_1029359"
"PLUGIN_CMD_1029360","52419","PLUGIN_CMD_1029360"
"DIALOG_PREFS","5244",""
"PLUGIN_Cmd_1000474","5244",""
"DIALOG_TEAMRENDERMACHINES","52632",""
"PLUGIN_CMD_300002227","52632","PLUGIN_CMD_300002227"
"PLUGIN_CMD_300002228","52632","PLUGIN_CMD_300002228"
"PLUGIN_CMD_300002136","52678",""
"PLUGIN_CMD_300002149","52678","PLUGIN_CMD_300002149"
"PLUGIN_CMD_300002162","52678","PLUGIN_CMD_300002162"
"PLUGIN_CMD_300002161","52678","PLUGIN_CMD_300002161"
"PLUGIN_CMD_300002209","52678","PLUGIN_CMD_300002209"
"PLUGIN_CMD_300002229","52678","PLUGIN_CMD_300002229"
"PLUGIN_CMD_300002174","52678","PLUGIN_CMD_300002174"
"PLUGIN_CMD_300002168","52678","PLUGIN_CMD_300002168"
"PLUGIN_CMD_300002232","52678","PLUGIN_CMD_300002232"
"PLUGIN_CMD_300002233","52678","PLUGIN_CMD_300002233"
"PLUGIN_CMD_300002170","52678","PLUGIN_CMD_300002170"
"PLUGIN_CMD_300002163","52678","PLUGIN_CMD_300002163"
"PLUGIN_CMD_300002230","52678","PLUGIN_CMD_300002230"
"PLUGIN_CMD_300002150","52678","PLUGIN_CMD_300002150"
"PLUGIN_CMD_300002151","52678","PLUGIN_CMD_300002151"
"PLUGIN_CMD_300002152","52678","PLUGIN_CMD_300002152"
"PLUGIN_CMD_300002160","52678","PLUGIN_CMD_300002160"
"PLUGIN_CMD_300002159","52678","PLUGIN_CMD_300002159"
"PLUGIN_CMD_300002153","52678","PLUGIN_CMD_300002153"
"PLUGIN_CMD_300002154","52678","PLUGIN_CMD_300002154"
"PLUGIN_CMD_300002155","52678","PLUGIN_CMD_300002155"
"PLUGIN_CMD_300002156","52678","PLUGIN_CMD_300002156"
"PLUGIN_CMD_300002157","52678","PLUGIN_CMD_300002157"
"PLUGIN_CMD_300002158","52678","PLUGIN_CMD_300002158"
"PLUGIN_CMD_300002144","52710",""
"PLUGIN_CMD_1029529","52911",""
"PLUGIN_CMD_431000058","52991","PLUGIN_CMD_431000058"
"PLUGIN_CMD_431000059","52991","PLUGIN_CMD_431000059"
"PLUGIN_CMD_431000060","52991","PLUGIN_CMD_431000060"
"PLUGIN_CMD_431000061","52991","PLUGIN_CMD_431000061"
"PLUGIN_CMD_1031338","53440","PLUGIN_CMD_1031338"
"PLUGIN_CMD_1031339","53440","PLUGIN_CMD_1031339"
"PLUGIN_CMD_1031233","53440","PLUGIN_CMD_1031233"
"PLUGIN_CMD_1031333","53440","PLUGIN_CMD_1031333"
"PLUGIN_CMD_1035609","53440","PLUGIN_CMD_1035609"
"PLUGIN_CMD_1036376","53440","PLUGIN_CMD_1036376"
"PLUGIN_CMD_1031682","53440","PLUGIN_CMD_1031682"
"PLUGIN_CMD_1031683","53440","PLUGIN_CMD_1031683"
"PLUGIN_CMD_1031684","53440","PLUGIN_CMD_1031684"
"PLUGIN_CMD_1031685","53440","PLUGIN_CMD_1031685"
"PLUGIN_CMD_1031686","53440","PLUGIN_CMD_1031686"
"PLUGIN_CMD_1031687","53440","PLUGIN_CMD_1031687"
"PLUGIN_CMD_1031688","53440","PLUGIN_CMD_1031688"
"PLUGIN_CMD_1031689","53440","PLUGIN_CMD_1031689"
"PLUGIN_CMD_1031690","53440","PLUGIN_CMD_1031690"
"PLUGIN_CMD_1031691","53440","PLUGIN_CMD_1031691"
"PLUGIN_CMD_1036373","53440","PLUGIN_CMD_1036373"
"PLUGIN_CMD_1036372","53440","PLUGIN_CMD_1036372"
"PLUGIN_CMD_1036538","53440","PLUGIN_CMD_1036538"
"PLUGIN_CMD_1036539","53440","PLUGIN_CMD_1036539"
"PLUGIN_CMD_1036536","53440","PLUGIN_CMD_1036536"
"PLUGIN_CMD_1036537","53440","PLUGIN_CMD_1036537"
"PLUGIN_CMD_1031705","53440","PLUGIN_CMD_1031705"
"PLUGIN_CMD_1031706","53440","PLUGIN_CMD_1031706"
"PLUGIN_CMD_1031707","53440","PLUGIN_CMD_1031707"
"PLUGIN_CMD_1031330","53440","PLUGIN_CMD_1031330"
"PLUGIN_CMD_1031331","53440","PLUGIN_CMD_1031331"
"PLUGIN_CMD_1031225","53440","PLUGIN_CMD_1031225"
"PLUGIN_CMD_1031226","53440","PLUGIN_CMD_1031226"
"PLUGIN_CMD_300002167","53798",""
"PLUGIN_CMD_440000163","54037",""
"VIEW_PANEL","5426",""
"PLUGIN_CMD_1032090","54275",""
"PLUGIN_CMD_1032268","54419","PLUGIN_CMD_1032268"
"PLUGIN_CMD_1032265","54419","PLUGIN_CMD_1032265"
"PLUGIN_CMD_1032274","54419","PLUGIN_CMD_1032274"
"PLUGIN_CMD_1032272","54419","PLUGIN_CMD_1032272"
"PLUGIN_CMD_1034659","54419","PLUGIN_CMD_1034659"
"PLUGIN_Cmd_12516","5443","PLUGIN_Cmd_12516"
"PLUGIN_Cmd_12517","5443","PLUGIN_Cmd_12517"
"PLUGIN_Cmd_12556","5443","PLUGIN_Cmd_12556"
"PLUGIN_Cmd_12554","5443","PLUGIN_Cmd_12554"
"PLUGIN_CMD_431000053","54507","PLUGIN_CMD_431000053"
"PLUGIN_CMD_431000056","54507","PLUGIN_CMD_431000056"
"PLUGIN_CMD_431000077","54507","PLUGIN_CMD_431000077"
"PLUGIN_CMD_431000121","54507","PLUGIN_CMD_431000121"
"PLUGIN_CMD_431000122","54507","PLUGIN_CMD_431000122"
"PLUGIN_CMD_431000081","54507","PLUGIN_CMD_431000081"
"PLUGIN_CMD_431000069","54507","PLUGIN_CMD_431000069"
"PLUGIN_CMD_431000070","54507","PLUGIN_CMD_431000070"
"PLUGIN_CMD_431000071","54507","PLUGIN_CMD_431000071"
"PLUGIN_CMD_431000126","54507","PLUGIN_CMD_431000126"
"PLUGIN_CMD_431000127","54507","PLUGIN_CMD_431000127"
"PLUGIN_CMD_431000083","54507","PLUGIN_CMD_431000083"
"PLUGIN_CMD_431000089","54507","PLUGIN_CMD_431000089"
"PLUGIN_CMD_431000087","54507","PLUGIN_CMD_431000087"
"PLUGIN_CMD_431000088","54507","PLUGIN_CMD_431000088"
"PLUGIN_CMD_431000101","54507","PLUGIN_CMD_431000101"
"PLUGIN_CMD_431000108","54507","PLUGIN_CMD_431000108"
"PLUGIN_CMD_431000117","54507","PLUGIN_CMD_431000117"
"PLUGIN_CMD_431000118","54507","PLUGIN_CMD_431000118"
"PLUGIN_CMD_431000102","54507","PLUGIN_CMD_431000102"
"PLUGIN_CMD_431000103","54507","PLUGIN_CMD_431000103"
"PLUGIN_CMD_431000104","54507","PLUGIN_CMD_431000104"
"PLUGIN_CMD_431000105","54507","PLUGIN_CMD_431000105"
"PLUGIN_CMD_431000106","54507","PLUGIN_CMD_431000106"
"PLUGIN_CMD_431000107","54507","PLUGIN_CMD_431000107"
"PLUGIN_CMD_431000111","54507","PLUGIN_CMD_431000111"
"PLUGIN_CMD_431000112","54507","PLUGIN_CMD_431000112"
"PLUGIN_CMD_431000110","54507","PLUGIN_CMD_431000110"
"PLUGIN_CMD_431000113","54507","PLUGIN_CMD_431000113"
"PLUGIN_CMD_431000114","54507","PLUGIN_CMD_431000114"
"PLUGIN_CMD_431000067","54507","PLUGIN_CMD_431000067"
"PLUGIN_CMD_431000068","54507","PLUGIN_CMD_431000068"
"PLUGIN_CMD_431000095","54507","PLUGIN_CMD_431000095"
"PLUGIN_CMD_431000096","54507","PLUGIN_CMD_431000096"
"PLUGIN_CMD_1031234","54623",""
"PLUGIN_CMD_1034257","54623","PLUGIN_CMD_1034257"
"PLUGIN_CMD_1034258","54623","PLUGIN_CMD_1034258"
"PLUGIN_CMD_1034259","54623","PLUGIN_CMD_1034259"
"PLUGIN_CMD_1034260","54623","PLUGIN_CMD_1034260"
"PLUGIN_CMD_1034261","54623","PLUGIN_CMD_1034261"
"PLUGIN_CMD_1034017","54623","PLUGIN_CMD_1034017"
"PLUGIN_CMD_1034008","54623","PLUGIN_CMD_1034008"
"PLUGIN_CMD_1034009","54623","PLUGIN_CMD_1034009"
"PLUGIN_CMD_1034010","54623","PLUGIN_CMD_1034010"
"PLUGIN_CMD_1034011","54623","PLUGIN_CMD_1034011"
"PLUGIN_CMD_1034012","54623","PLUGIN_CMD_1034012"
"PLUGIN_CMD_1034014","54623","PLUGIN_CMD_1034014"
"PLUGIN_CMD_1034015","54623","PLUGIN_CMD_1034015"
"PLUGIN_CMD_1034016","54623","PLUGIN_CMD_1034016"
"PLUGIN_CMD_465001220","54631",""
"PLUGIN_CMD_440000169","54685","PLUGIN_CMD_440000169"
"PLUGIN_CMD_440000168","54685","PLUGIN_CMD_440000168"
"PLUGIN_CMD_440000170","54685","PLUGIN_CMD_440000170"
"PLUGIN_CMD_440000212","54685","PLUGIN_CMD_440000212"
"PLUGIN_CMD_440000213","54685","PLUGIN_CMD_440000213"
"PLUGIN_Cmd_1016160","5485","PLUGIN_Cmd_1016160"
"PLUGIN_Cmd_12100","5488",""
"PLUGIN_Cmd_12101","5489",""
"PLUGIN_Cmd_12139","5490",""
"PLUGIN_Cmd_12187","5491",""
"PLUGIN_Cmd_16351","5492",""
"PLUGIN_CMD_12102","5493",""
"PLUGIN_Cmd_12298","5494",""
"PLUGIN_Cmd_12184","5495",""
"PLUGIN_Cmd_12194","5498",""
"PLUGIN_Cmd_12153","5499","PLUGIN_Cmd_12153"
"PLUGIN_Cmd_12154","5499","PLUGIN_Cmd_12154"
"PLUGIN_Cmd_12155","5499","PLUGIN_Cmd_12155"
"PLUGIN_Cmd_12156","5500",""
"PLUGIN_CMD_465001955","55043",""
"PLUGIN_Cmd_1001439","5525",""
"DIALOG_TPSETTINGS","5525",""
"DIALOG_TPGROUPDIALOG","5525","DIALOG_TPGROUPDIALOG"
"PLUGIN_CMD_431000169","55293",""
"PLUGIN_CMD_1030000","55318",""
"PLUGIN_CMD_1032108","55385",""
"PLUGIN_CMD_1032109","55385","PLUGIN_CMD_1032109"
"PLUGIN_CMD_1036975","55385","PLUGIN_CMD_1036975"
"PLUGIN_Cmd_12094","5595","PLUGIN_Cmd_12094"
"PLUGIN_Cmd_12095","5595","PLUGIN_Cmd_12095"
"PLUGIN_Cmd_12096","5595","PLUGIN_Cmd_12096"
"PLUGIN_Cmd_12270","5595","PLUGIN_Cmd_12270"
"PLUGIN_Cmd_12664","5595","PLUGIN_Cmd_12664"
"PLUGIN_Cmd_12390","5595","PLUGIN_Cmd_12390"
"PLUGIN_Cmd_12098","5595","PLUGIN_Cmd_12098"
"PLUGIN_Cmd_12218","5595","PLUGIN_Cmd_12218"
"PLUGIN_ID_SAVE0X0020INCREMENTAL","5595","PLUGIN_ID_SAVE0X0020INCREMENTAL"
"PLUGIN_Cmd_12391","5595","PLUGIN_Cmd_12391"
"PLUGIN_Cmd_12255","5595","PLUGIN_Cmd_12255"
"PLUGIN_CMD_100004841","5595","PLUGIN_CMD_100004841"
"PLUGIN_Cmd_200000167","5595","PLUGIN_Cmd_200000167"
"PLUGIN_Cmd_52000","5595","PLUGIN_Cmd_52000"
"PLUGIN_Cmd_12104","5595","PLUGIN_Cmd_12104"
"PLUGIN_Cmd_60000","5596","PLUGIN_Cmd_60000"
"PLUGIN_Cmd_12105","5598","PLUGIN_Cmd_12105"
"PLUGIN_Cmd_12297","5598","PLUGIN_Cmd_12297"
"PLUGIN_Cmd_13320","5598","PLUGIN_Cmd_13320"
"PLUGIN_Cmd_13521","5599","PLUGIN_Cmd_13521"
"PLUGIN_Cmd_13522","5599","PLUGIN_Cmd_13522"
"PLUGIN_Cmd_13523","5599","PLUGIN_Cmd_13523"
"PLUGIN_Cmd_13521","5599","PLUGIN_Cmd_13521"
"PLUGIN_Cmd_13522","5599","PLUGIN_Cmd_13522"
"PLUGIN_Cmd_13523","5599","PLUGIN_Cmd_13523"
"PLUGIN_Cmd_13524","5599","PLUGIN_Cmd_13524"
"PLUGIN_Cmd_1019944","5599","PLUGIN_Cmd_1019944"
"PLUGIN_Cmd_1020190","5599","PLUGIN_Cmd_1020190"
"PLUGIN_Cmd_1019945","5599","PLUGIN_Cmd_1019945"
"PLUGIN_Cmd_1018421","5599","PLUGIN_Cmd_1018421"
"PLUGIN_Cmd_12190","5610",""
"PLUGIN_Cmd_12191","5612",""
"PLUGIN_Cmd_12566","5613",""
"PLUGIN_Cmd_12567","5614",""
"PLUGIN_Cmd_12568","5615",""
"PLUGIN_Cmd_12569","5616",""
"PLUGIN_Cmd_13316","5617",""
"PLUGIN_Cmd_12142","5618",""
"PLUGIN_Cmd_12141","5619",""
"PLUGIN_Cmd_12562","5620",""
"PLUGIN_Cmd_12563","5621",""
"PLUGIN_Cmd_14003","5622",""
"PLUGIN_Cmd_14004","5623",""
"PLUGIN_Cmd_14029","5624",""
"PLUGIN_Cmd_1009671","5625",""
"PLUGIN_Cmd_14006","5626",""
"PLUGIN_Cmd_14046","5627",""
"PLUGIN_Cmd_14038","5633",""
"PLUGIN_Cmd_1011180","5641","PLUGIN_Cmd_1011180"
"PLUGIN_Cmd_1011179","5642","PLUGIN_Cmd_1011179"
"PLUGIN_Cmd_1011178","5643",""
"DIALOG_CONVERTSELECTION","5644",""
"PLUGIN_Cmd_1011181","5644","PLUGIN_Cmd_1011181"
"PLUGIN_Cmd_13323","5645","PLUGIN_Cmd_13323"
"PLUGIN_Cmd_13324","5646","PLUGIN_Cmd_13324"
"PLUGIN_Cmd_12479","5647","PLUGIN_Cmd_12479"
"PLUGIN_Cmd_12557","5648","PLUGIN_Cmd_12557"
"PLUGIN_Cmd_12558","5649",""
"PLUGIN_Cmd_12559","5650",""
"PLUGIN_Cmd_12473","5651",""
"PLUGIN_Cmd_12474","5652",""
"PLUGIN_Cmd_12475","5653",""
"PLUGIN_Cmd_12476","5654",""
"PLUGIN_Cmd_13770","5656",""
"PLUGIN_Cmd_69000","5661",""
"DIALOG_SELECTION","5661","DIALOG_SELECTION"
"PLUGIN_Cmd_1001019","5661","DIALOG_SELECTION"
"PLUGIN_Cmd_12236","5664",""
"PLUGIN_Cmd_12144","5666",""
"PLUGIN_Cmd_12233","5667",""
"PLUGIN_Cmd_12317","5668",""
"PLUGIN_Cmd_14023","5669",""
"PLUGIN_Cmd_14041","5670",""
"PLUGIN_Cmd_1015924","5672",""
"PLUGIN_Cmd_1010136","5673",""
"PLUGIN_Cmd_14039","5674",""
"PLUGIN_Cmd_14047","5675",""
"PLUGIN_Cmd_14048","5676",""
"PLUGIN_Cmd_14050","5677",""
"PLUGIN_Cmd_1016173","5678",""
"PLUGIN_Cmd_1016174","5679",""
"PLUGIN_Cmd_16716","5680",""
"PLUGIN_Cmd_16717","5681",""
"PLUGIN_Cmd_16718","5682",""
"PLUGIN_Cmd_12409","5687","PLUGIN_Cmd_12409"
"PLUGIN_Cmd_12302","5687","PLUGIN_Cmd_12302"
"PLUGIN_Cmd_1026375","5687","PLUGIN_Cmd_1026375"
"PLUGIN_Cmd_53000","5687","PLUGIN_Cmd_53000"
"PLUGIN_Cmd_1015840","5689",""
"PLUGIN_Cmd_12163","5698",""
"PLUGIN_Cmd_12162","5699",""
"PLUGIN_Cmd_12165","5700",""
"PLUGIN_Cmd_12099","5701",""
"PLUGIN_Cmd_16194","5706",""
"PLUGIN_Cmd_1000974","5726",""
"PLUGIN_Cmd_450000051","5739",""
"DIALOG_BAKEOBJECT","5739",""
"#COMMAND#","5740","#COMMAND#"
"#COMMAND#","5740","#COMMAND#"
"#COMMAND#","5740","#COMMAND#"
"#COMMAND#","5740","#COMMAND#"
"PLUGIN_CMD_465001510","5740","PLUGIN_CMD_465001510"
"PLUGIN_CMD_465001541","5740","PLUGIN_CMD_465001541"
"PLUGIN_CMD_465001542","5740","PLUGIN_CMD_465001542"
"#COMMAND#","5740","#COMMAND#"
"#COMMAND#","5740","#COMMAND#"
"#COMMAND#","5740","#COMMAND#"
"#COMMAND#","5740","#COMMAND#"
"#COMMAND#","5740","#COMMAND#"
"PLUGIN_CMD_12544","5740","PLUGIN_CMD_12544"
"PLUGIN_Cmd_170103","5740","PLUGIN_Cmd_170103"
"PLUGIN_Cmd_170108","5740","PLUGIN_Cmd_170108"
"PLUGIN_Cmd_170105","5740","PLUGIN_Cmd_170105"
"PLUGIN_Cmd_170106","5740","PLUGIN_Cmd_170106"
"PLUGIN_Cmd_170107","5740","PLUGIN_Cmd_170107"
"PLUGIN_CMD_100004702","5740","PLUGIN_CMD_100004702"
"PLUGIN_CMD_100004703","5740","PLUGIN_CMD_100004703"
"PLUGIN_CMD_100004701","5740","PLUGIN_CMD_100004701"
"PLUGIN_CMD_465001512","5740","PLUGIN_CMD_465001512"
"PLUGIN_CMD_465001513","5740","PLUGIN_CMD_465001513"
"PLUGIN_CMD_465001511","5740","PLUGIN_CMD_465001511"
"PLUGIN_CMD_465001737","5740","PLUGIN_CMD_465001737"
"PLUGIN_CMD_51000","5740","PLUGIN_CMD_51000"
"#COMMAND#","5740","#COMMAND#"
"#COMMAND#","5740","#COMMAND#"
"PLUGIN_Cmd_1019760","5741","PLUGIN_Cmd_1019760"
"PLUGIN_Cmd_1025120","5741","PLUGIN_Cmd_1025120"
"PLUGIN_Cmd_16377","5741","PLUGIN_Cmd_16377"
"PLUGIN_CMD_450000220","5741","PLUGIN_CMD_450000220"
"PLUGIN_Cmd_450000229","5741","PLUGIN_Cmd_450000229"
"PLUGIN_Cmd_200000208","5741","PLUGIN_Cmd_200000208"
"PLUGIN_Cmd_13680","5741","PLUGIN_Cmd_13680"
"PLUGIN_Cmd_12103","5741","PLUGIN_Cmd_12103"
"PLUGIN_Cmd_12186","5742",""
"PLUGIN_Cmd_100004700","5743",""
"DIALOG_OBJECTMANAGER","5743",""
"PLUGIN_Cmd_100004819","5745","PLUGIN_Cmd_100004819"
"PLUGIN_Cmd_100004820","5745","PLUGIN_Cmd_100004820"
"PLUGIN_Cmd_100004821","5745","PLUGIN_Cmd_100004821"
"PLUGIN_Cmd_100004787","5745","PLUGIN_Cmd_100004787"
"PLUGIN_Cmd_100004766","5745","PLUGIN_Cmd_100004766"
"PLUGIN_Cmd_100004786","5745","PLUGIN_Cmd_100004786"
"PLUGIN_Cmd_100004767","5745","PLUGIN_Cmd_100004767"
"PLUGIN_Cmd_100004768","5745","PLUGIN_Cmd_100004768"
"PLUGIN_Cmd_100004794","5745","PLUGIN_Cmd_100004794"
"PLUGIN_Cmd_100004758","5745","PLUGIN_Cmd_100004758"
"PLUGIN_Cmd_100004809","5745","PLUGIN_Cmd_100004809"
"PLUGIN_Cmd_100004759","5745","PLUGIN_Cmd_100004759"
"PLUGIN_CMD_431000145","5745","PLUGIN_CMD_431000145"
"PLUGIN_CMD_431000146","5745","PLUGIN_CMD_431000146"
"PLUGIN_CMD_431000151","5745","PLUGIN_CMD_431000151"
"PLUGIN_CMD_431000152","5745","PLUGIN_CMD_431000152"
"PLUGIN_CMD_431000053","5745","PLUGIN_CMD_431000053"
"PLUGIN_Cmd_100004763","5746","PLUGIN_Cmd_100004763"
"PLUGIN_Cmd_100004779","5746","PLUGIN_Cmd_100004779"
"PLUGIN_Cmd_1016209","5746","PLUGIN_Cmd_1016209"
"PLUGIN_Cmd_100004780","5746","PLUGIN_Cmd_100004780"
"PLUGIN_Cmd_1016208","5746","PLUGIN_Cmd_1016208"
"PLUGIN_Cmd_100004781","5746","PLUGIN_Cmd_100004781"
"PLUGIN_Cmd_100004782","5746","PLUGIN_Cmd_100004782"
"PLUGIN_Cmd_100004783","5746","PLUGIN_Cmd_100004783"
"PLUGIN_Cmd_100004784","5746","PLUGIN_Cmd_100004784"
"PLUGIN_Cmd_100004785","5746","PLUGIN_Cmd_100004785"
"PLUGIN_Cmd_100004772","5746","PLUGIN_Cmd_100004772"
"PLUGIN_Cmd_100004773","5746","PLUGIN_Cmd_100004773"
"PLUGIN_Cmd_1019951","5746","PLUGIN_Cmd_1019951"
"PLUGIN_Cmd_100004774","5746","PLUGIN_Cmd_100004774"
"PLUGIN_Cmd_100004775","5746","PLUGIN_Cmd_100004775"
"PLUGIN_Cmd_100004777","5747","PLUGIN_Cmd_100004777"
"PLUGIN_Cmd_100004778","5747","PLUGIN_Cmd_100004778"
"PLUGIN_Cmd_12235","5748","PLUGIN_Cmd_12235"
"PLUGIN_Cmd_13577","5748","PLUGIN_Cmd_13577"
"PLUGIN_Cmd_12132","5748","PLUGIN_Cmd_12132"
"PLUGIN_Cmd_12192","5748","PLUGIN_Cmd_12192"
"PLUGIN_Cmd_12193","5748","PLUGIN_Cmd_12193"
"PLUGIN_Cmd_12130","5748","PLUGIN_Cmd_12130"
"PLUGIN_Cmd_12131","5748","PLUGIN_Cmd_12131"
"PLUGIN_Cmd_12133","5748","PLUGIN_Cmd_12133"
"PLUGIN_Cmd_12134","5748","PLUGIN_Cmd_12134"
"PLUGIN_Cmd_12135","5748","PLUGIN_Cmd_12135"
"PLUGIN_Cmd_100004764","5771",""
"PLUGIN_Cmd_100004765","5772",""
"PLUGIN_Cmd_300000113","5775","PLUGIN_Cmd_300000113"
"PLUGIN_Cmd_300000114","5775","PLUGIN_Cmd_300000113"
"PLUGIN_Cmd_300000111","5776","PLUGIN_Cmd_300000111"
"PLUGIN_Cmd_300000112","5776","PLUGIN_Cmd_300000111"
"PLUGIN_Cmd_1011145","5798","PLUGIN_Cmd_1011145"
"PLUGIN_Cmd_450000057","5803",""
"PLUGIN_Cmd_1011147","5805",""
"DIALOG_SKYMANAGER","5805",""
"PLUGIN_Cmd_12159","5808",""
"DIALOG_MATERIALMANAGER","5808",""
"PLUGIN_Cmd_13015","5809","PLUGIN_Cmd_13015"
"PLUGIN_Cmd_13017","5809","PLUGIN_Cmd_13017"
"PLUGIN_Cmd_13020","5809","PLUGIN_Cmd_13020"
"PLUGIN_Cmd_12167","5809","PLUGIN_Cmd_12167"
"PLUGIN_Cmd_300000110","5809","PLUGIN_Cmd_300000110"
"PLUGIN_Cmd_300000109","5809","PLUGIN_Cmd_300000109"
"PLUGIN_Cmd_17013","5810","PLUGIN_Cmd_17013"
"PLUGIN_Cmd_17014","5810","PLUGIN_Cmd_17014"
"PLUGIN_Cmd_300001021","5810","PLUGIN_Cmd_300001021"
"PLUGIN_Cmd_300001022","5810","PLUGIN_Cmd_300001022"
"PLUGIN_Cmd_300001023","5810","PLUGIN_Cmd_300001023"
"PLUGIN_Cmd_300001024","5810","PLUGIN_Cmd_300001024"
"PLUGIN_Cmd_300001025","5810","PLUGIN_Cmd_300001025"
"PLUGIN_Cmd_300001026","5810","PLUGIN_Cmd_300001026"
"PLUGIN_Cmd_17013","5810","PLUGIN_Cmd_17013"
"PLUGIN_Cmd_17014","5810","PLUGIN_Cmd_17014"
"PLUGIN_Cmd_17015","5810","PLUGIN_Cmd_17015"
"PLUGIN_Cmd_17016","5810","PLUGIN_Cmd_17016"
"PLUGIN_Cmd_17017","5810","PLUGIN_Cmd_17017"
"PLUGIN_Cmd_17018","5810","PLUGIN_Cmd_17018"
"PLUGIN_Cmd_16739","5810","PLUGIN_Cmd_16739"
"PLUGIN_Cmd_16740","5810","PLUGIN_Cmd_16740"
"PLUGIN_Cmd_16741","5810","PLUGIN_Cmd_16741"
"PLUGIN_Cmd_16742","5810","PLUGIN_Cmd_16742"
"PLUGIN_Cmd_17533","5810","PLUGIN_Cmd_17533"
"PLUGIN_Cmd_12203","5811","PLUGIN_Cmd_12203"
"PLUGIN_Cmd_12169","5811","PLUGIN_Cmd_12169"
"PLUGIN_Cmd_12221","5811","PLUGIN_Cmd_12221"
"PLUGIN_Cmd_16298","5811","PLUGIN_Cmd_16298"
"PLUGIN_Cmd_16297","5811","PLUGIN_Cmd_16297"
"PLUGIN_Cmd_16370","5811","PLUGIN_Cmd_16370"
"PLUGIN_CMD_18063","5811","PLUGIN_CMD_18063"
"PLUGIN_Cmd_12252","5811","PLUGIN_Cmd_12252"
"PLUGIN_Cmd_12253","5811","PLUGIN_Cmd_12253"
"PLUGIN_Cmd_12333","5811","PLUGIN_Cmd_12333"
"PLUGIN_Cmd_200000146","5811","PLUGIN_Cmd_200000146"
"PLUGIN_Cmd_200000147","5811","PLUGIN_Cmd_200000147"
"PLUGIN_CMD_431000147","5811","PLUGIN_CMD_431000147"
"PLUGIN_CMD_431000153","5811","PLUGIN_CMD_431000153"
"PLUGIN_Cmd_1015650","5811","PLUGIN_Cmd_1015650"
"PLUGIN_Cmd_16722","5811","PLUGIN_Cmd_16722"
"PLUGIN_Cmd_16723","5811","PLUGIN_Cmd_16723"
"PLUGIN_Cmd_12168","5811","PLUGIN_Cmd_12168"
"PLUGIN_Cmd_200000273","5811","PLUGIN_Cmd_200000273"
"PLUGIN_Cmd_12211","5811","PLUGIN_Cmd_12211"
"DIALOG_ACTIVEOBJECT","5821",""
"PLUGIN_Cmd_1000468","5821",""
"PLUGIN_Cmd_300001015","5825","PLUGIN_Cmd_300001015"
"PLUGIN_Cmd_300001016","5825","PLUGIN_Cmd_300001016"
"PLUGIN_Cmd_300001017","5825","PLUGIN_Cmd_300001017"
"PLUGIN_Cmd_300001018","5825","PLUGIN_Cmd_300001018"
"DIALOG_GVEDITOR","5829",""
"PLUGIN_Cmd_58000","5835","PLUGIN_Cmd_58000"
"PLUGIN_Cmd_13931","5852","PLUGIN_Cmd_13931"
"PLUGIN_Cmd_12477","5852","PLUGIN_Cmd_12477"
"PLUGIN_Cmd_12478","5852","PLUGIN_Cmd_12478"
"PLUGIN_Cmd_12288","5852","PLUGIN_Cmd_12288"
"PLUGIN_Cmd_12148","5852","PLUGIN_Cmd_12148"
"PLUGIN_Cmd_12149","5852","PLUGIN_Cmd_12149"
"PLUGIN_Cmd_13038","5852","PLUGIN_Cmd_13038"
"PLUGIN_Cmd_12151","5852","PLUGIN_Cmd_12151"
"PLUGIN_Cmd_1016007","5852","PLUGIN_Cmd_1016007"
"PLUGIN_Cmd_1016008","5852","PLUGIN_Cmd_1016008"
"PLUGIN_Cmd_1016009","5852","PLUGIN_Cmd_1016009"
"PLUGIN_Cmd_12147","5852","PLUGIN_Cmd_12147"
"PLUGIN_Cmd_440000092","5858","PLUGIN_Cmd_440000092"
"PLUGIN_Cmd_440000093","5858","PLUGIN_Cmd_440000093"
"PLUGIN_Cmd_440000094","5858","PLUGIN_Cmd_440000094"
"PLUGIN_Cmd_440000095","5858","PLUGIN_Cmd_440000095"
"PLUGIN_Cmd_55000","5858","PLUGIN_Cmd_55000"
"PLUGIN_Cmd_12201","5858","PLUGIN_Cmd_12201"
"PLUGIN_Cmd_12202","5858","PLUGIN_Cmd_12202"
"PLUGIN_Cmd_12077","5858","PLUGIN_Cmd_12077"
"PLUGIN_Cmd_12078","5858","PLUGIN_Cmd_12078"
"PLUGIN_Cmd_12079","5858","PLUGIN_Cmd_12079"
"PLUGIN_Cmd_12080","5858","PLUGIN_Cmd_12080"
"PLUGIN_Cmd_12081","5858","PLUGIN_Cmd_12081"
"PLUGIN_Cmd_12082","5858","PLUGIN_Cmd_12082"
"PLUGIN_Cmd_12083","5858","PLUGIN_Cmd_12083"
"PLUGIN_Cmd_12084","5858","PLUGIN_Cmd_12084"
"PLUGIN_Cmd_12085","5858","PLUGIN_Cmd_12085"
"PLUGIN_Cmd_12086","5858","PLUGIN_Cmd_12086"
"PLUGIN_Cmd_12087","5858","PLUGIN_Cmd_12087"
"PLUGIN_Cmd_12088","5858","PLUGIN_Cmd_12088"
"PLUGIN_Cmd_12089","5858","PLUGIN_Cmd_12089"
"PLUGIN_Cmd_12090","5858","PLUGIN_Cmd_12090"
"PLUGIN_Cmd_12091","5860","PLUGIN_Cmd_12091"
"PLUGIN_Cmd_17105","5860","PLUGIN_Cmd_17105"
"PLUGIN_Cmd_12092","5860","PLUGIN_Cmd_12092"
"PLUGIN_Cmd_17107","5860","PLUGIN_Cmd_17107"
"PLUGIN_Cmd_17106","5860","PLUGIN_Cmd_17106"
"PLUGIN_Cmd_17201","5860","PLUGIN_Cmd_17201"
"PLUGIN_Cmd_17108","5860","PLUGIN_Cmd_17108"
"PLUGIN_Cmd_12540","5860","PLUGIN_Cmd_12540"
"PLUGIN_Cmd_12093","5860","PLUGIN_Cmd_12093"
"PLUGIN_Cmd_12539","5860","PLUGIN_Cmd_12539"
"PLUGIN_Cmd_12497","5860","PLUGIN_Cmd_12497"
"PLUGIN_Cmd_12498","5860","PLUGIN_Cmd_12498"
"PLUGIN_Cmd_13620","5861","PLUGIN_Cmd_13620"
"PLUGIN_Cmd_13621","5861","PLUGIN_Cmd_13621"
"PLUGIN_Cmd_13622","5861","PLUGIN_Cmd_13622"
"PLUGIN_Cmd_13623","5861","PLUGIN_Cmd_13623"
"PLUGIN_Cmd_13624","5861","PLUGIN_Cmd_13624"
"PLUGIN_Cmd_13625","5861","PLUGIN_Cmd_13625"
"PLUGIN_Cmd_13626","5861","PLUGIN_Cmd_13626"
"PLUGIN_Cmd_13627","5861","PLUGIN_Cmd_13627"
"PLUGIN_Cmd_13628","5861","PLUGIN_Cmd_13628"
"PLUGIN_Cmd_13629","5861","PLUGIN_Cmd_13629"
"PLUGIN_Cmd_13630","5861","PLUGIN_Cmd_13630"
"PLUGIN_Cmd_13631","5861","PLUGIN_Cmd_13631"
"PLUGIN_Cmd_13632","5861","PLUGIN_Cmd_13632"
"PLUGIN_Cmd_13633","5861","PLUGIN_Cmd_13633"
"PLUGIN_Cmd_13640","5861","PLUGIN_Cmd_13640"
"PLUGIN_Cmd_13635","5861","PLUGIN_Cmd_13635"
"PLUGIN_Cmd_13636","5861","PLUGIN_Cmd_13636"
"PLUGIN_Cmd_13637","5861","PLUGIN_Cmd_13637"
"PLUGIN_Cmd_13638","5861","PLUGIN_Cmd_13638"
"PLUGIN_Cmd_13639","5861","PLUGIN_Cmd_13639"
"DIALOG_MATPREVIEW","5863",""
"PLUGIN_CMD_12188","5872",""
"PLUGIN_Cmd_13016","5874","PLUGIN_Cmd_13016"
"PLUGIN_Cmd_13018","5874","PLUGIN_Cmd_13018"
"PLUGIN_Cmd_13021","5874","PLUGIN_Cmd_13021"
"PLUGIN_Cmd_300001027","5875","PLUGIN_Cmd_300001027"
"PLUGIN_Cmd_300001028","5875","PLUGIN_Cmd_300001028"
"PLUGIN_Cmd_300001029","5875","PLUGIN_Cmd_300001029"
"PLUGIN_Cmd_300001030","5875","PLUGIN_Cmd_300001030"
"PLUGIN_Cmd_300001031","5875","PLUGIN_Cmd_300001031"
"PLUGIN_Cmd_300001032","5875","PLUGIN_Cmd_300001032"
"PLUGIN_Cmd_300001033","5875","PLUGIN_Cmd_300001033"
"PLUGIN_Cmd_12294","5875","PLUGIN_Cmd_12294"
"PLUGIN_Cmd_12505","5876","PLUGIN_Cmd_12505"
"PLUGIN_Cmd_12504","5876","PLUGIN_Cmd_12504"
"PLUGIN_Cmd_12506","5876","PLUGIN_Cmd_12506"
"PLUGIN_Cmd_12507","5876","PLUGIN_Cmd_12507"
"PLUGIN_Cmd_12508","5876","PLUGIN_Cmd_12508"
"PLUGIN_Cmd_12509","5876","PLUGIN_Cmd_12509"
"PLUGIN_Cmd_12530","5877","PLUGIN_Cmd_12530"
"PLUGIN_Cmd_12532","5877","PLUGIN_Cmd_12532"
"PLUGIN_Cmd_12534","5877","PLUGIN_Cmd_12534"
"PLUGIN_Cmd_13899","5877","PLUGIN_Cmd_13899"
"PLUGIN_Cmd_17112","5877","PLUGIN_Cmd_17112"
"PLUGIN_CMD_17995","5877","PLUGIN_CMD_17995"
"PLUGIN_CMD_18065","5877","PLUGIN_CMD_18065"
"PLUGIN_CMD_18067","5877","PLUGIN_CMD_18067"
"PLUGIN_CMD_18068","5877","PLUGIN_CMD_18068"
"PLUGIN_Cmd_430000700","5878",""
"DIALOG_PICTUREVIEWER","5878",""
"PLUGIN_Cmd_465001750","5878","PLUGIN_Cmd_465001750"
"PLUGIN_Cmd_465001713","5878","PLUGIN_Cmd_465001713"
"PLUGIN_Cmd_430000730","5879","PLUGIN_Cmd_430000730"
"PLUGIN_Cmd_465001707","5879","PLUGIN_Cmd_465001707"
"PLUGIN_Cmd_430000731","5879","PLUGIN_Cmd_430000731"
"PLUGIN_CMD_465001803","5879","PLUGIN_CMD_465001803"
"PLUGIN_Cmd_430000733","5880","PLUGIN_Cmd_430000733"
"PLUGIN_Cmd_430000734","5880","PLUGIN_Cmd_430000734"
"PLUGIN_Cmd_430000785","5880","PLUGIN_Cmd_430000785"
"PLUGIN_Cmd_430000786","5880","PLUGIN_Cmd_430000786"
"PLUGIN_Cmd_430000739","5880","PLUGIN_Cmd_430000739"
"PLUGIN_Cmd_430000740","5880","PLUGIN_Cmd_430000740"
"PLUGIN_Cmd_465001753","5880","PLUGIN_Cmd_465001753"
"PLUGIN_Cmd_465001715","5880","PLUGIN_Cmd_465001715"
"PLUGIN_Cmd_465001716","5880","PLUGIN_Cmd_465001716"
"PLUGIN_Cmd_465001717","5880","PLUGIN_Cmd_465001717"
"PLUGIN_Cmd_465001736","5880","PLUGIN_Cmd_465001736"
"PLUGIN_Cmd_465001718","5880","PLUGIN_Cmd_465001718"
"PLUGIN_CMD_465001802","5880","PLUGIN_CMD_465001802"
"PLUGIN_Cmd_465001705","5880","PLUGIN_Cmd_465001705"
"PLUGIN_Cmd_430000735","5881","PLUGIN_Cmd_430000735"
"PLUGIN_Cmd_430000736","5881","PLUGIN_Cmd_430000736"
"PLUGIN_Cmd_430000737","5881","PLUGIN_Cmd_430000737"
"PLUGIN_Cmd_465001763","5881","PLUGIN_Cmd_465001763"
"PLUGIN_Cmd_465001764","5881","PLUGIN_Cmd_465001764"
"PLUGIN_Cmd_465001765","5881","PLUGIN_Cmd_465001765"
"PLUGIN_Cmd_465001766","5881","PLUGIN_Cmd_465001766"
"PLUGIN_Cmd_465001767","5881","PLUGIN_Cmd_465001767"
"PLUGIN_Cmd_465001761","5881","PLUGIN_Cmd_465001761"
"PLUGIN_Cmd_465001769","5881","PLUGIN_Cmd_465001769"
"PLUGIN_Cmd_430000774","5881","PLUGIN_Cmd_430000774"
"PLUGIN_Cmd_465001801","5881","PLUGIN_Cmd_465001801"
"PLUGIN_Cmd_430000782","5881","PLUGIN_Cmd_430000782"
"PLUGIN_Cmd_430000783","5881","PLUGIN_Cmd_430000783"
"PLUGIN_Cmd_465001710","5881","PLUGIN_Cmd_465001710"
"PLUGIN_Cmd_465001711","5881","PLUGIN_Cmd_465001711"
"PLUGIN_Cmd_430000775","5881","PLUGIN_Cmd_430000775"
"PLUGIN_Cmd_430000776","5881","PLUGIN_Cmd_430000776"
"PLUGIN_Cmd_430000777","5881","PLUGIN_Cmd_430000777"
"PLUGIN_Cmd_430000778","5881","PLUGIN_Cmd_430000778"
"PLUGIN_Cmd_430000779","5881","PLUGIN_Cmd_430000779"
"PLUGIN_Cmd_430000780","5881","PLUGIN_Cmd_430000780"
"PLUGIN_Cmd_430000781","5881","PLUGIN_Cmd_430000781"
"PLUGIN_Cmd_465001739","5881","PLUGIN_Cmd_465001739"
"PLUGIN_Cmd_465001719","5881","PLUGIN_Cmd_465001719"
"PLUGIN_Cmd_465001722","5881","PLUGIN_Cmd_465001722"
"PLUGIN_Cmd_465001708","5881","PLUGIN_Cmd_465001708"
"PLUGIN_Cmd_465001759","5881","PLUGIN_Cmd_465001759"
"PLUGIN_Cmd_465001760","5881","PLUGIN_Cmd_465001760"
"PLUGIN_Cmd_465001768","5881","PLUGIN_Cmd_465001768"
"PLUGIN_Cmd_465001714","5881","PLUGIN_Cmd_465001714"
"PLUGIN_CMD_430000738","5881","PLUGIN_CMD_430000738"
"PLUGIN_Cmd_430000765","5882","PLUGIN_Cmd_430000765"
"PLUGIN_Cmd_430000768","5882","PLUGIN_Cmd_430000768"
"PLUGIN_Cmd_430000769","5882","PLUGIN_Cmd_430000769"
"PLUGIN_Cmd_430000771","5882","PLUGIN_Cmd_430000771"
"PLUGIN_Cmd_430000767","5882","PLUGIN_Cmd_430000767"
"PLUGIN_Cmd_430000773","5882","PLUGIN_Cmd_430000773"
"PLUGIN_Cmd_465001723","5882","PLUGIN_Cmd_465001723"
"PLUGIN_Cmd_465001724","5882","PLUGIN_Cmd_465001724"
"PLUGIN_Cmd_465001725","5882","PLUGIN_Cmd_465001725"
"PLUGIN_CMD_465001805","5882","PLUGIN_CMD_465001805"
"PLUGIN_Cmd_465001754","5883","PLUGIN_Cmd_465001754"
"PLUGIN_Cmd_430000753","5883","PLUGIN_Cmd_430000753"
"PLUGIN_Cmd_430000755","5883","PLUGIN_Cmd_430000755"
"PLUGIN_Cmd_430000756","5883","PLUGIN_Cmd_430000756"
"PLUGIN_Cmd_430000757","5883","PLUGIN_Cmd_430000757"
"PLUGIN_Cmd_430000758","5883","PLUGIN_Cmd_430000758"
"PLUGIN_Cmd_430000759","5883","PLUGIN_Cmd_430000759"
"PLUGIN_Cmd_430000760","5883","PLUGIN_Cmd_430000760"
"PLUGIN_Cmd_430000761","5883","PLUGIN_Cmd_430000761"
"PLUGIN_Cmd_430000762","5883","PLUGIN_Cmd_430000762"
"PLUGIN_Cmd_430000763","5883","PLUGIN_Cmd_430000763"
"PLUGIN_Cmd_430000754","5883","PLUGIN_Cmd_430000754"
"PLUGIN_Cmd_430000764","5883","PLUGIN_Cmd_430000764"
"PLUGIN_Cmd_430000745","5883","PLUGIN_Cmd_430000745"
"PLUGIN_Cmd_430000743","5883","PLUGIN_Cmd_430000743"
"PLUGIN_Cmd_430000749","5883","PLUGIN_Cmd_430000749"
"PLUGIN_Cmd_430000744","5883","PLUGIN_Cmd_430000744"
"PLUGIN_Cmd_430000742","5883","PLUGIN_Cmd_430000742"
"PLUGIN_Cmd_430000746","5883","PLUGIN_Cmd_430000746"
"PLUGIN_Cmd_430000741","5883","PLUGIN_Cmd_430000741"
"PLUGIN_Cmd_430000747","5883","PLUGIN_Cmd_430000747"
"PLUGIN_Cmd_465001726","5883","PLUGIN_Cmd_465001726"
"PLUGIN_Cmd_465001727","5883","PLUGIN_Cmd_465001727"
"PLUGIN_Cmd_465001730","5883","PLUGIN_Cmd_465001730"
"PLUGIN_Cmd_465001720","5883","PLUGIN_Cmd_465001720"
"PLUGIN_Cmd_465001721","5883","PLUGIN_Cmd_465001721"
"PLUGIN_Cmd_430000751","5883","PLUGIN_Cmd_430000751"
"PLUGIN_Cmd_430000750","5883","PLUGIN_Cmd_430000750"
"PLUGIN_Cmd_465001738","5883","PLUGIN_Cmd_465001738"
"PLUGIN_Cmd_1017163","5884",""
"DIALOG_CONTENTBROWSER","5884",""
"PLUGIN_Cmd_1018426","5885","PLUGIN_Cmd_1018426"
"PLUGIN_Cmd_1018427","5885","PLUGIN_Cmd_1018427"
"PLUGIN_Cmd_1018428","5885","PLUGIN_Cmd_1018428"
"PLUGIN_Cmd_1018429","5885","PLUGIN_Cmd_1018429"
"PLUGIN_Cmd_300001003","5887","PLUGIN_Cmd_300001003"
"PLUGIN_Cmd_300001004","5887","PLUGIN_Cmd_300001004"
"PLUGIN_Cmd_300001005","5887","PLUGIN_Cmd_300001005"
"PLUGIN_Cmd_300001006","5887","PLUGIN_Cmd_300001006"
"PLUGIN_Cmd_300001007","5887","PLUGIN_Cmd_300001007"
"PLUGIN_Cmd_300001008","5887","PLUGIN_Cmd_300001008"
"PLUGIN_CMD_1018432","5887","PLUGIN_CMD_1018432"
"PLUGIN_Cmd_1018433","5887","PLUGIN_Cmd_1018433"
"PLUGIN_Cmd_1018422","5888","PLUGIN_Cmd_1018422"
"PLUGIN_Cmd_1018423","5888","PLUGIN_Cmd_1018423"
"PLUGIN_Cmd_1018431","5888","PLUGIN_Cmd_1018431"
"PLUGIN_Cmd_1018424","5888","PLUGIN_Cmd_1018424"
"PLUGIN_Cmd_1018406","5888","PLUGIN_Cmd_1018406"
"PLUGIN_Cmd_1020075","5888","PLUGIN_Cmd_1020075"
"PLUGIN_Cmd_1020076","5888","PLUGIN_Cmd_1020076"
"PLUGIN_Cmd_1020077","5888","PLUGIN_Cmd_1020077"
"PLUGIN_Cmd_1020078","5888","PLUGIN_Cmd_1020078"
"PLUGIN_Cmd_1020079","5888","PLUGIN_Cmd_1020079"
"PLUGIN_Cmd_1020080","5888","PLUGIN_Cmd_1020080"
"PLUGIN_Cmd_1019740","5889","PLUGIN_Cmd_1019740"
"PLUGIN_Cmd_1019739","5889","PLUGIN_Cmd_1019739"
"PLUGIN_Cmd_1019741","5889","PLUGIN_Cmd_1019741"
"PLUGIN_Cmd_1019910","5889","PLUGIN_Cmd_1019910"
"PLUGIN_Cmd_1019909","5889","PLUGIN_Cmd_1019909"
"PLUGIN_Cmd_1019911","5889","PLUGIN_Cmd_1019911"
"PLUGIN_Cmd_1019906","5889","PLUGIN_Cmd_1019906"
"PLUGIN_Cmd_1019907","5889","PLUGIN_Cmd_1019907"
"PLUGIN_Cmd_1019908","5889","PLUGIN_Cmd_1019908"
"PLUGIN_Cmd_1019905","5889","PLUGIN_Cmd_1019905"
"PLUGIN_Cmd_1019904","5889","PLUGIN_Cmd_1019904"
"PLUGIN_Cmd_1001084","5896",""
"DIALOG_SCRIPTDIALOG","5896",""
"PLUGIN_Cmd_1026718","5896","PLUGIN_Cmd_1026718"
"PLUGIN_Cmd_1026719","5896","PLUGIN_Cmd_1026719"
"PLUGIN_Cmd_1026720","5896","PLUGIN_Cmd_1026720"
"PLUGIN_Cmd_1026721","5896","PLUGIN_Cmd_1026721"
"PLUGIN_Cmd_1026723","5896","PLUGIN_Cmd_1026723"
"PLUGIN_Cmd_1026722","5896","PLUGIN_Cmd_1026722"
"PLUGIN_Cmd_1026724","5896","PLUGIN_Cmd_1026724"
"PLUGIN_Cmd_1026725","5896","PLUGIN_Cmd_1026725"
"PLUGIN_Cmd_1026760","5896","PLUGIN_Cmd_1026760"
"PLUGIN_Cmd_1026759","5896","PLUGIN_Cmd_1026759"
"PLUGIN_Cmd_12670","5906","PLUGIN_Cmd_12670"
"PLUGIN_Cmd_17006","5906","PLUGIN_Cmd_17006"
"PLUGIN_Cmd_17007","5906","PLUGIN_Cmd_17007"
"PLUGIN_Cmd_17008","5906","PLUGIN_Cmd_17008"
"PLUGIN_Cmd_17009","5906","PLUGIN_Cmd_17009"
"PLUGIN_Cmd_17010","5906","PLUGIN_Cmd_17010"
"PLUGIN_Cmd_17011","5906","PLUGIN_Cmd_17011"
"PLUGIN_Cmd_17012","5906","PLUGIN_Cmd_17012"
"PLUGIN_Cmd_12672","5906","PLUGIN_Cmd_12672"
"PLUGIN_Cmd_12673","5906","PLUGIN_Cmd_12673"
"PLUGIN_Cmd_17552","5906","PLUGIN_Cmd_17552"
"PLUGIN_Cmd_12552","5907",""
"DIALOG_RECORDDIALOG","5938",""
"PLUGIN_Cmd_100001200","5938",""
"PLUGIN_Cmd_1018401","6228",""
"PLUGIN_Cmd_1017460","6230","PLUGIN_Cmd_1017460"
"PLUGIN_Cmd_1017459","6230","PLUGIN_Cmd_1017459"
"PLUGIN_Cmd_1017457","6230","PLUGIN_Cmd_1017457"
"PLUGIN_Cmd_1017458","6230","PLUGIN_Cmd_1017458"
"PLUGIN_Cmd_1017487","6230","PLUGIN_Cmd_1017487"
"PLUGIN_Cmd_1018467","6230","PLUGIN_Cmd_1018467"
"PLUGIN_Cmd_1018468","6230","PLUGIN_Cmd_1018468"
"PLUGIN_Cmd_1018052","6231","PLUGIN_Cmd_1018052"
"PLUGIN_Cmd_1018051","6231","PLUGIN_Cmd_1018051"
"PLUGIN_Cmd_1018053","6231","PLUGIN_Cmd_1018053"
"PLUGIN_Cmd_1018465","6231","PLUGIN_Cmd_1018465"
"PLUGIN_Cmd_1018036","6231","PLUGIN_Cmd_1018036"
"PLUGIN_Cmd_1017540","6231","PLUGIN_Cmd_1017540"
"PLUGIN_Cmd_1017541","6231","PLUGIN_Cmd_1017541"
"PLUGIN_Cmd_1018462","6231","PLUGIN_Cmd_1018462"
"PLUGIN_Cmd_1018463","6231","PLUGIN_Cmd_1018463"
"PLUGIN_Cmd_1017637","6231","PLUGIN_Cmd_1017637"
"PLUGIN_Cmd_1018007","6231","PLUGIN_Cmd_1018007"
"PLUGIN_Cmd_1018466","6231","PLUGIN_Cmd_1018466"
"PLUGIN_Cmd_1017642","6231","PLUGIN_Cmd_1017642"
"PLUGIN_Cmd_1018464","6232","PLUGIN_Cmd_1018464"
"PLUGIN_Cmd_1017530","6232","PLUGIN_Cmd_1017530"
"PLUGIN_Cmd_1017488","6232","PLUGIN_Cmd_1017488"
"PLUGIN_Cmd_1017489","6232","PLUGIN_Cmd_1017489"
"PLUGIN_Cmd_1017495","6232","PLUGIN_Cmd_1017495"
"PLUGIN_Cmd_1017490","6232","PLUGIN_Cmd_1017490"
"PLUGIN_Cmd_1017533","6232","PLUGIN_Cmd_1017533"
"PLUGIN_Cmd_1017491","6232","PLUGIN_Cmd_1017491"
"PLUGIN_Cmd_1017531","6232","PLUGIN_Cmd_1017531"
"PLUGIN_Cmd_1017532","6232","PLUGIN_Cmd_1017532"
"PLUGIN_Cmd_1018470","6232","PLUGIN_Cmd_1018470"
"PLUGIN_Cmd_1017747","6232","PLUGIN_Cmd_1017747"
"PLUGIN_Cmd_300001009","6321","PLUGIN_Cmd_300001009"
"PLUGIN_Cmd_300001010","6321","PLUGIN_Cmd_300001010"
"PLUGIN_Cmd_300001011","6321","PLUGIN_Cmd_300001011"
"PLUGIN_Cmd_300001012","6321","PLUGIN_Cmd_300001012"
"PLUGIN_Cmd_300001013","6321","PLUGIN_Cmd_300001013"
"PLUGIN_Cmd_300001014","6321","PLUGIN_Cmd_300001014"
"PLUGIN_Cmd_400009000","6321","PLUGIN_Cmd_400009000"
"PLUGIN_CMD_400009001","6321","PLUGIN_CMD_400009001"
"DIALOG_GVTREEVIEW","6323",""
"PLUGIN_Cmd_1001138","6324",""
"DIALOG_GVOPERATORPOOL","6324",""
"PLUGIN_Cmd_1018066","6342",""
"DIALOG_BP_COLORSOURCE","6358",""
"PLUGIN_Cmd_170001","6365","PLUGIN_Cmd_170001"
"PLUGIN_Cmd_170002","6365","PLUGIN_Cmd_170002"
"PLUGIN_Cmd_170003","6365","PLUGIN_Cmd_170003"
"PLUGIN_Cmd_170120","6365","PLUGIN_Cmd_170120"
"PLUGIN_Cmd_170004","6365","PLUGIN_Cmd_170004"
"PLUGIN_Cmd_170005","6365","PLUGIN_Cmd_170005"
"PLUGIN_Cmd_170006","6365","PLUGIN_Cmd_170006"
"PLUGIN_Cmd_170121","6365","PLUGIN_Cmd_170121"
"PLUGIN_Cmd_170687","6365","PLUGIN_Cmd_170687"
"PLUGIN_Cmd_1000581","6365","PLUGIN_Cmd_1000581"
"PLUGIN_Cmd_170442","6366","PLUGIN_Cmd_170442"
"PLUGIN_Cmd_170007","6366","PLUGIN_Cmd_170007"
"PLUGIN_Cmd_170340","6366","PLUGIN_Cmd_170340"
"PLUGIN_Cmd_170150","6366","PLUGIN_Cmd_170150"
"PLUGIN_Cmd_170704","6366","PLUGIN_Cmd_170704"
"PLUGIN_Cmd_170705","6366","PLUGIN_Cmd_170705"
"PLUGIN_Cmd_170706","6366","PLUGIN_Cmd_170706"
"PLUGIN_Cmd_170155","6366","PLUGIN_Cmd_170155"
"PLUGIN_Cmd_170156","6366","PLUGIN_Cmd_170156"
"PLUGIN_Cmd_170119","6366","PLUGIN_Cmd_170119"
"PLUGIN_Cmd_170154","6366","PLUGIN_Cmd_170154"
"DIALOG_BP_LAYERMANAGER","6372",""
"PLUGIN_Cmd_170036","6372","PLUGIN_Cmd_170036"
"PLUGIN_Cmd_170037","6372","PLUGIN_Cmd_170037"
"PLUGIN_Cmd_170038","6372","PLUGIN_Cmd_170038"
"PLUGIN_Cmd_170039","6372","PLUGIN_Cmd_170039"
"PLUGIN_Cmd_170128","6373","PLUGIN_Cmd_170128"
"PLUGIN_Cmd_170129","6373","PLUGIN_Cmd_170129"
"PLUGIN_Cmd_170130","6373","PLUGIN_Cmd_170130"
"PLUGIN_Cmd_164000","6374","PLUGIN_Cmd_164000"
"PLUGIN_Cmd_170443","6374","PLUGIN_Cmd_170443"
"PLUGIN_Cmd_170625","6379",""
"PLUGIN_Cmd_1008913","6390","PLUGIN_Cmd_1008913"
"PLUGIN_Cmd_1000581","6391","PLUGIN_Cmd_1000581"
"PLUGIN_Cmd_170090","6394","PLUGIN_Cmd_170090"
"PLUGIN_Cmd_170698","6394","PLUGIN_Cmd_170698"
"PLUGIN_Cmd_170092","6394","PLUGIN_Cmd_170092"
"PLUGIN_Cmd_170699","6394","PLUGIN_Cmd_170699"
"PLUGIN_Cmd_170082","6394","PLUGIN_Cmd_170082"
"PLUGIN_Cmd_170086","6394","PLUGIN_Cmd_170086"
"PLUGIN_Cmd_170087","6394","PLUGIN_Cmd_170087"
"PLUGIN_Cmd_170093","6394","PLUGIN_Cmd_170093"
"PLUGIN_Cmd_170094","6394","PLUGIN_Cmd_170094"
"PLUGIN_Cmd_170095","6394","PLUGIN_Cmd_170095"
"PLUGIN_Cmd_170096","6394","PLUGIN_Cmd_170096"
"PLUGIN_Cmd_170097","6394","PLUGIN_Cmd_170097"
"PLUGIN_Cmd_170098","6395","PLUGIN_Cmd_170098"
"PLUGIN_Cmd_170230","6395","PLUGIN_Cmd_170230"
"PLUGIN_Cmd_170099","6395","PLUGIN_Cmd_170099"
"PLUGIN_Cmd_170100","6395","PLUGIN_Cmd_170100"
"PLUGIN_Cmd_170101","6395","PLUGIN_Cmd_170101"
"PLUGIN_CMD_440000237","7439","PLUGIN_CMD_440000237"
"PLUGIN_CMD_440000242","7439","PLUGIN_CMD_440000242"
"PLUGIN_CMD_170064","10841",""
"PLUGIN_Cmd_100004023","5359",""
"PLUGIN_Cmd_100004007","3053",""
"PLUGIN_Cmd_12287","3065","PLUGIN_Cmd_12287"
"PLUGIN_Cmd_17138","3065","PLUGIN_Cmd_17138"
"PLUGIN_CMD_200000277","40598",""
"DIALOG_DOCUMENTSETTINGS","40596",""
"PLUGIN_CMD_12373","40596",""
"PLUGIN_CMD_431000005","49674","PLUGIN_CMD_431000005"
"PLUGIN_CMD_440000131","49674","PLUGIN_CMD_440000131"
"PLUGIN_CMD_440000132","49674","PLUGIN_CMD_440000132"
"PLUGIN_CMD_440000133","49674","PLUGIN_CMD_440000133"
"PLUGIN_CMD_440000134","49674","PLUGIN_CMD_440000134"
"PLUGIN_CMD_440000121","49673","PLUGIN_CMD_440000121"
"PLUGIN_CMD_431000019","49673","PLUGIN_CMD_431000019"
"PLUGIN_CMD_431000016","49673","PLUGIN_CMD_431000016"
"PLUGIN_CMD_431000018","49673","PLUGIN_CMD_431000018"
"PLUGIN_CMD_440000118","49673","PLUGIN_CMD_440000118"
"PLUGIN_CMD_440000115","49673","PLUGIN_CMD_440000115"
"PLUGIN_CMD_440000123","49673","PLUGIN_CMD_440000123"
"PLUGIN_CMD_440000125","49673","PLUGIN_CMD_440000125"
"PLUGIN_CMD_440000116","49673","PLUGIN_CMD_440000116"
"PLUGIN_CMD_440000128","49673","PLUGIN_CMD_440000128"
"PLUGIN_CMD_440000114","49673","PLUGIN_CMD_440000114"
"PLUGIN_CMD_431000013","49673","PLUGIN_CMD_431000013"
"PLUGIN_CMD_440000127","49673","PLUGIN_CMD_440000127"
"PLUGIN_CMD_431000000","49673","PLUGIN_CMD_431000000"
"PLUGIN_CMD_431000001","49673","PLUGIN_CMD_431000001"
"PLUGIN_CMD_440000113","49673","PLUGIN_CMD_440000113"
"PLUGIN_CMD_440000117","49673","PLUGIN_CMD_440000117"
"PLUGIN_CMD_440000129","49673","PLUGIN_CMD_440000129"
"PLUGIN_CMD_431000046","49672",""
"PLUGIN_Cmd_12161","32048",""
"PLUGIN_Cmd_50000","32048",""
"PLUGIN_Cmd_300001053","32048","PLUGIN_Cmd_300001053"
"PLUGIN_Cmd_300001054","32048","PLUGIN_Cmd_300001054"
"PLUGIN_Cmd_1025776","44571",""
"PLUGIN_CMD_1028155","44571","PLUGIN_CMD_1028155"
"PLUGIN_CMD_1028156","44571","PLUGIN_CMD_1028156"
"PLUGIN_CMD_1028157","44571","PLUGIN_CMD_1028157"
"PLUGIN_CMD_1028158","44571","PLUGIN_CMD_1028158"
"PLUGIN_CMD_1028165","44571","PLUGIN_CMD_1028165"
"PLUGIN_CMD_1028164","44571","PLUGIN_CMD_1028164"
"PLUGIN_CMD_1028104","44571","PLUGIN_CMD_1028104"
"PLUGIN_CMD_1028159","44571","PLUGIN_CMD_1028159"
"PLUGIN_CMD_1028160","44571","PLUGIN_CMD_1028160"
"PLUGIN_CMD_1028161","44571","PLUGIN_CMD_1028161"
"PLUGIN_CMD_1028162","44571","PLUGIN_CMD_1028162"
"PLUGIN_CMD_1028163","44571","PLUGIN_CMD_1028163"
"PLUGIN_Cmd_180000011","42793",""
"PLUGIN_CMD_180000103","42798",""
"PLUGIN_Cmd_180000012","42788",""
"PLUGIN_Cmd_180000010","42783",""
"PLUGIN_CMD_1028462","52226","PLUGIN_CMD_1028462"
"PLUGIN_Cmd_1001072","3504","PLUGIN_Cmd_1001072"
"PLUGIN_CMD_465001178","32089","PLUGIN_CMD_465001178"
"PLUGIN_CMD_465001179","32089","PLUGIN_CMD_465001179"
"PLUGIN_Cmd_5150","3744",""
"PLUGIN_Cmd_1001002","3752",""
"PLUGIN_Cmd_5119","3756",""
"PLUGIN_Cmd_5122","3760",""
"PLUGIN_Cmd_1015545","12383",""
"PLUGIN_Cmd_1015548","12427",""
"PLUGIN_Cmd_5128","3773",""
"PLUGIN_CMD_431000028","52806",""
"PLUGIN_Cmd_5120","3777",""
"PLUGIN_Cmd_1010865","3787",""
"PLUGIN_Cmd_5129","3791",""
"PLUGIN_Cmd_1021318","15400",""
"PLUGIN_Cmd_1024476","42731",""
"PLUGIN_Cmd_1021283","15389",""
"PLUGIN_Cmd_1024544","44498",""
"PLUGIN_Cmd_1024542","42739",""
"PLUGIN_Cmd_1021284","15394",""
"PLUGIN_Cmd_1019362","10932",""
"PLUGIN_Cmd_5103","3795",""
"PLUGIN_Cmd_12519","3795",""
"PLUGIN_Cmd_12519","3795","PLUGIN_Cmd_12519"
"PLUGIN_Cmd_450000256","3795","PLUGIN_Cmd_450000256"
"PLUGIN_Cmd_1024543","42743",""
"PLUGIN_Cmd_1019768","42751",""
"PLUGIN_Cmd_1026224","44537",""
"PLUGIN_Cmd_1026352","44542",""
"PLUGIN_Cmd_5171","3800",""
"PLUGIN_Cmd_1019363","10939",""
"PLUGIN_Cmd_1024529","42735",""
"PLUGIN_Cmd_1021280","15385",""
"PLUGIN_Cmd_1024552","42747",""
"PLUGIN_Cmd_1021433","44507",""
"PLUGIN_Cmd_450000058","5384",""
"PLUGIN_Cmd_450000059","5380",""
"PLUGIN_Cmd_5162","3805",""
"PLUGIN_Cmd_1011010","10944",""
"PLUGIN_Cmd_5159","3815",""
"PLUGIN_Cmd_5170","3819",""
"PLUGIN_Cmd_5110","3825",""
"PLUGIN_Cmd_5124","3829",""
"PLUGIN_Cmd_5164","3833",""
"PLUGIN_Cmd_440000051","40629",""
"PLUGIN_Cmd_1019234","7658",""
"PLUGIN_Cmd_1018883","7665",""
"PLUGIN_Cmd_1019351","7671",""
"PLUGIN_Cmd_1018775","7640",""
"PLUGIN_Cmd_5106","3842",""
"PLUGIN_Cmd_1021337","15431",""
"PLUGIN_Cmd_1025800","44580",""
"PLUGIN_Cmd_1018643","7616",""
"PLUGIN_CMD_440000234","55142",""
"PLUGIN_Cmd_1018561","7609",""
"PLUGIN_Cmd_1018882","7628",""
"PLUGIN_Cmd_1018774","7634",""
"PLUGIN_Cmd_1018881","7622",""
"PLUGIN_Cmd_1018889","7647",""
"PLUGIN_Cmd_1018935","7652",""
"PLUGIN_Cmd_1021287","15425",""
"PLUGIN_Cmd_5145","3846",""
"PLUGIN_Cmd_1002603","3850",""
"PLUGIN_Cmd_5116","3859",""
"PLUGIN_CMD_1019677","10724",""
"PLUGIN_Cmd_5108","3864",""
"PLUGIN_Cmd_5166","3868",""
"PLUGIN_Cmd_5104","3872",""
"PLUGIN_Cmd_5121","3876",""
"PLUGIN_Cmd_5146","3880",""
"PLUGIN_Cmd_5169","3884",""
"PLUGIN_Cmd_5114","3888",""
"PLUGIN_Cmd_1018958","10956",""
"PLUGIN_Cmd_5111","3892",""
"PLUGIN_CMD_1027657","49678",""
"PLUGIN_Cmd_1018396","6135",""
"PLUGIN_Cmd_5151","3896",""
"PLUGIN_Cmd_5126","3900",""
"PLUGIN_Cmd_5117","3904",""
"PLUGIN_Cmd_13542","43080",""
"PLUGIN_Cmd_5102","3909","PLUGIN_Cmd_5102"
"PLUGIN_ID_NEWSPOTLIGHT","3909","PLUGIN_ID_NEWSPOTLIGHT"
"PLUGIN_ID_NEWINFINITELIGHT","3909","PLUGIN_ID_NEWINFINITELIGHT"
"PLUGIN_ID_NEWAREALIGHT","3909","PLUGIN_ID_NEWAREALIGHT"
"PLUGIN_Cmd_12520","3909","PLUGIN_Cmd_12520"
"PLUGIN_Cmd_13541","3909","PLUGIN_Cmd_13541"
"PLUGIN_Cmd_300001070","3909","PLUGIN_Cmd_300001070"
"PLUGIN_Cmd_5107","3921",""
"PLUGIN_Cmd_5139","3926",""
"PLUGIN_Cmd_1015547","12462",""
"PLUGIN_Cmd_5147","3938",""
"PLUGIN_Cmd_5125","3942",""
"PLUGIN_Cmd_5138","3946",""
"PLUGIN_Cmd_1018544","7560",""
"PLUGIN_Cmd_1018685","7575",""
"PLUGIN_Cmd_1019358","7582",""
"PLUGIN_Cmd_1018791","7553",""
"PLUGIN_CMD_1036557","55106",""
"PLUGIN_Cmd_1018957","7593",""
"PLUGIN_Cmd_1018545","7546",""
"PLUGIN_Cmd_1019222","40635",""
"PLUGIN_Cmd_1019396","7571",""
"PLUGIN_Cmd_1019221","7589",""
"PLUGIN_Cmd_1019268","7600",""
"PLUGIN_Cmd_1018655","7567",""
"PLUGIN_Cmd_440000054","40619",""
"PLUGIN_CMD_1036374","52825",""
"PLUGIN_Cmd_5140","3956",""
"PLUGIN_Cmd_5172","3960",""
"PLUGIN_Cmd_1001446","4025","PLUGIN_Cmd_1001446"
"PLUGIN_Cmd_5109","4069",""
"PLUGIN_CMD_1036375","55164",""
"PLUGIN_Cmd_100004839","32093",""
"PLUGIN_Cmd_5168","4075",""
"PLUGIN_Cmd_5161","4079",""
"PLUGIN_Cmd_13039","7454",""
"PLUGIN_Cmd_1001253","4083",""
"PLUGIN_Cmd_5167","4087",""
"PLUGIN_CMD_1023866","42766",""
"PLUGIN_Cmd_5173","4091",""
"DIALOG_SCULPTREPROJECT","52211",""
"PLUGIN_CMD_1029259","52211",""
"PLUGIN_CMD_1029259","52211","PLUGIN_CMD_1029259"
"PLUGIN_Cmd_5112","4095",""
"PLUGIN_Cmd_1007455","4103",""
"PLUGIN_Cmd_5190","4107",""
"PLUGIN_Cmd_5148","4111",""
"PLUGIN_Cmd_5131","4115",""
"PLUGIN_Cmd_1019774","10970",""
"PLUGIN_Cmd_5174","4119",""
"PLUGIN_Cmd_5105","4123",""
"PLUGIN_Cmd_430000021","10974",""
"PLUGIN_Cmd_430000041","10974","PLUGIN_Cmd_430000041"
"PLUGIN_Cmd_430000031","10974","PLUGIN_Cmd_430000031"
"PLUGIN_Cmd_5160","4127",""
"PLUGIN_Cmd_1001003","4131",""
"PLUGIN_Cmd_12196","4139",""
"PLUGIN_Cmd_5180","4143",""
"PLUGIN_Cmd_5182","4147",""
"PLUGIN_Cmd_5181","4151",""
"PLUGIN_Cmd_5183","4155",""
"PLUGIN_Cmd_5189","4163",""
"PLUGIN_Cmd_5184","4167",""
"PLUGIN_Cmd_1008982","4171",""
"PLUGIN_Cmd_5176","4175",""
"PLUGIN_Cmd_5177","4179",""
"PLUGIN_Cmd_5185","4183",""
"PLUGIN_Cmd_5179","4187",""
"PLUGIN_Cmd_5175","4191",""
"PLUGIN_Cmd_1008796","4195",""
"PLUGIN_Cmd_5186","4199",""
"PLUGIN_Cmd_5187","4203",""
"PLUGIN_Cmd_5178","4207",""
"PLUGIN_Cmd_5136","4211",""
"PLUGIN_Cmd_5118","4215",""
"PLUGIN_Cmd_5142","4220",""
"PLUGIN_Cmd_5133","4224",""
"PLUGIN_Cmd_5163","4228",""
"PLUGIN_Cmd_1015546","12476",""
"PLUGIN_Cmd_5165","4233",""
"PLUGIN_Cmd_5115","4238",""
"PLUGIN_Cmd_5134","4242",""
"PLUGIN_Cmd_5113","4246",""
"PLUGIN_Cmd_5149","4250",""
"PLUGIN_Cmd_5143","4254",""
"PLUGIN_Cmd_1025766","44530",""
"PLUGIN_CMD_1027384","43091",""
"PLUGIN_CMD_1021420","44483","PLUGIN_CMD_1021420"
"PLUGIN_CMD_440000104","44483","PLUGIN_CMD_440000104"
"PLUGIN_Cmd_465001035","43113","PLUGIN_Cmd_465001035"
"DIALOG_PYROPREVIEW","4277","DIALOG_PYROPREVIEW"
"PLUGIN_Cmd_1011133","5369",""
"PLUGIN_Cmd_1022415","10743","PLUGIN_Cmd_1022415"
"PLUGIN_Cmd_1022426","10743","PLUGIN_Cmd_1022426"
"PLUGIN_Cmd_1022418","10743","PLUGIN_Cmd_1022418"
"PLUGIN_Cmd_1022420","10743","PLUGIN_Cmd_1022420"
"PLUGIN_Cmd_1022424","10743","PLUGIN_Cmd_1022424"
"PLUGIN_Cmd_1022416","10743","PLUGIN_Cmd_1022416"
"PLUGIN_Cmd_1022425","10743","PLUGIN_Cmd_1022425"
"PLUGIN_Cmd_1022428","10743","PLUGIN_Cmd_1022428"
"PLUGIN_Cmd_1022421","10743","PLUGIN_Cmd_1022421"
"PLUGIN_Cmd_1022414","10743","PLUGIN_Cmd_1022414"
"PLUGIN_Cmd_1022422","10743","PLUGIN_Cmd_1022422"
"PLUGIN_Cmd_1022423","10743","PLUGIN_Cmd_1022423"
"PLUGIN_Cmd_1022429","10743","PLUGIN_Cmd_1022429"
"PLUGIN_Cmd_1022419","10743","PLUGIN_Cmd_1022419"
"PLUGIN_Cmd_1022427","10743","PLUGIN_Cmd_1022427"
"PLUGIN_Cmd_1022417","10743","PLUGIN_Cmd_1022417"
"PLUGIN_Cmd_1023334","10743","PLUGIN_Cmd_1023334"
"PLUGIN_Cmd_1025169","42755","PLUGIN_Cmd_1025169"
"PLUGIN_Cmd_1025170","42755","PLUGIN_Cmd_1025170"
"DIALOG_VSSELECTOR","44567",""
"PLUGIN_Cmd_1021824","44521",""
"PLUGIN_CMD_1028271","52223","PLUGIN_CMD_1028271"
"PLUGIN_CMD_1027720","49682","PLUGIN_CMD_1027720"
"PLUGIN_CMD_1027745","49739","PLUGIN_CMD_1027745"
"PLUGIN_CMD_1027744","49732","PLUGIN_CMD_1027744"
"PLUGIN_Cmd_1019344","7683",""
"PLUGIN_Cmd_1019342","7675",""
"PLUGIN_Cmd_1019343","7679",""
"PLUGIN_Cmd_1021340","15437",""
"PLUGIN_CMD_440000232","55149",""
"PLUGIN_Cmd_450000007","4387",""
"PLUGIN_CMD_1030871","52797",""
"PLUGIN_Cmd_200000068","4390",""
"PLUGIN_Cmd_450000045","5345",""
"PLUGIN_Cmd_450000008","4402",""
"PLUGIN_Cmd_1016202","4405",""
"PLUGIN_Cmd_1021334","15413",""
"PLUGIN_Cmd_1019600","10993",""
"PLUGIN_Cmd_1019953","10996",""
"PLUGIN_Cmd_1019952","10999",""
"PLUGIN_Cmd_1021286","15407",""
"PLUGIN_Cmd_1019499","11002",""
"PLUGIN_Cmd_1025028","11002",""
"PLUGIN_Cmd_1025028","11002","PLUGIN_Cmd_1025028"
"PLUGIN_CMD_1028185","11002","PLUGIN_CMD_1028185"
"PLUGIN_CMD_1028186","11002","PLUGIN_CMD_1028186"
"PLUGIN_Cmd_200000071","4408",""
"PLUGIN_Cmd_450000042","5339",""
"PLUGIN_Cmd_450000010","4411",""
"PLUGIN_Cmd_450000023","5390",""
"PLUGIN_Cmd_1018880","11923",""
"PLUGIN_Cmd_1022257","32065",""
"PLUGIN_Cmd_1022286","32065",""
"PLUGIN_Cmd_200000067","4417",""
"PLUGIN_Cmd_1009661","4424",""
"PLUGIN_Cmd_1012129","11011",""
"PLUGIN_Cmd_1011183","4430",""
"PLUGIN_Cmd_450000004","4433",""
"PLUGIN_Cmd_200000085","4436",""
"PLUGIN_Cmd_1017640","6058",""
"PLUGIN_Cmd_1017581","6046",""
"PLUGIN_Cmd_1017548","6037",""
"PLUGIN_Cmd_1017617","6052",""
"PLUGIN_Cmd_1018166","6064",""
"PLUGIN_Cmd_1017542","6034",""
"PLUGIN_Cmd_1018164","6079",""
"PLUGIN_Cmd_1018100","6022",""
"PLUGIN_Cmd_1017510","6028",""
"PLUGIN_Cmd_1017448","6013",""
"PLUGIN_Cmd_1018067","6061",""
"PLUGIN_Cmd_1017454","6025",""
"PLUGIN_Cmd_1018101","6019",""
"PLUGIN_Cmd_1017568","6043",""
"PLUGIN_Cmd_1018102","6016",""
"PLUGIN_Cmd_1017638","6055",""
"PLUGIN_Cmd_1018169","6070",""
"PLUGIN_Cmd_1017534","6031",""
"PLUGIN_Cmd_1018373","6082",""
"PLUGIN_Cmd_1018123","6077",""
"PLUGIN_Cmd_1018124","6076",""
"PLUGIN_Cmd_1017549","6040",""
"PLUGIN_Cmd_1018065","6073",""
"PLUGIN_Cmd_450000014","4441",""
"PLUGIN_CMD_431000163","55139",""
"PLUGIN_CMD_431000165","55128",""
"PLUGIN_CMD_431000164","55133",""
"PLUGIN_CMD_1032514","54542","PLUGIN_CMD_1032514"
"PLUGIN_Cmd_440000045","15382",""
"PLUGIN_Cmd_200000083","4447",""
"PLUGIN_Cmd_1011192","4454",""
"PLUGIN_Cmd_1016185","4457",""
"PLUGIN_Cmd_1011126","4460",""
"PLUGIN_Cmd_1011182","4463",""
"PLUGIN_Cmd_200000088","4468",""
"PLUGIN_Cmd_450000000","4473",""
"PLUGIN_Cmd_450000002","4476",""
"PLUGIN_Cmd_450000001","4479",""
"PLUGIN_Cmd_1019730","11016",""
"PLUGIN_Cmd_450000009","4482",""
"PLUGIN_CMD_450000006","52813",""
"PLUGIN_Cmd_200000086","4485",""
"PLUGIN_Cmd_200000070","4490",""
"PLUGIN_Cmd_200000084","4493",""
"PLUGIN_Cmd_200000090","4498",""
"PLUGIN_Cmd_200000089","4503",""
"PLUGIN_CMD_1029169","52213",""
"PLUGIN_CMD_1024189","49780",""
"PLUGIN_CMD_1026710","49822",""
"PLUGIN_CMD_1024169","49759",""
"PLUGIN_CMD_1024197","49787",""
"PLUGIN_CMD_1026708","49815",""
"PLUGIN_CMD_1026519","49808",""
"PLUGIN_CMD_1024506","49794",""
"PLUGIN_CMD_1024171","49766",""
"PLUGIN_CMD_1024168","49752",""
"PLUGIN_CMD_1024170","49773",""
"PLUGIN_CMD_1027556","49836",""
"PLUGIN_CMD_1026715","49829",""
"PLUGIN_CMD_1031429","52816",""
"PLUGIN_CMD_1026518","49801",""
"PLUGIN_Cmd_1007573","4508",""
"PLUGIN_Cmd_200000065","4510",""
"PLUGIN_Cmd_450000003","4516",""
"PLUGIN_CMD_440000174","54519",""
"PLUGIN_Cmd_450000043","5342",""
"PLUGIN_CMD_440000149","54510",""
"PLUGIN_Cmd_450000046","5348",""
"PLUGIN_Cmd_450000039","5336",""
"PLUGIN_CMD_440000150","54513",""
"PLUGIN_CMD_440000167","54516",""
"PLUGIN_Cmd_450000011","4525",""
"PLUGIN_Cmd_200000069","4528",""
"PLUGIN_Cmd_1018820","11916",""
"DIALOG_TPGROUPDIALOG","32098",""
"PLUGIN_Cmd_1001414","4624",""
"PLUGIN_CMD_1031334","52844","PLUGIN_CMD_1031334"
"PLUGIN_CMD_1031337","52838","PLUGIN_CMD_1031337"
"PLUGIN_CMD_1031335","52832","PLUGIN_CMD_1031335"
"PLUGIN_CMD_1031336","52835","PLUGIN_CMD_1031336"
"RESTRICTIONTAG_NAME_02","4647","RESTRICTIONTAG_NAME_02"
"RESTRICTIONTAG_VAL_02","4647","RESTRICTIONTAG_VAL_02"
"RESTRICTIONTAG_NAME_03","4647","RESTRICTIONTAG_NAME_03"
"RESTRICTIONTAG_VAL_03","4647","RESTRICTIONTAG_VAL_03"
"RESTRICTIONTAG_NAME_04","4647","RESTRICTIONTAG_NAME_04"
"RESTRICTIONTAG_VAL_04","4647","RESTRICTIONTAG_VAL_04"
"RESTRICTIONTAG_NAME_05","4647","RESTRICTIONTAG_NAME_05"
"RESTRICTIONTAG_VAL_05","4647","RESTRICTIONTAG_VAL_05"
"RESTRICTIONTAG_NAME_06","4647","RESTRICTIONTAG_NAME_06"
"RESTRICTIONTAG_VAL_06","4647","RESTRICTIONTAG_VAL_06"
"PLUGIN_CMD_431000015","52202",""
"PLUGIN_CMD_450000012","52208",""
"PLUGIN_CMD_1031207","52858",""
